A61A
95D9
6C77
5BD7
8D19
EF9D
D73B
B67B
BEBC
BEDB
CF1D
9557
9579
9DF9
BE7B
CEDC
BE7A
C6BB
CEDB
CEDC
CEDC
CEDC
CEDC
CEDB
D6FC
8D58
43B5
4BB5
4BD5
5C56
6497
4BB5
4BB4
5C36
5C77
4BB5
4BD5
43B4
AE1B
DF3D
BE7B
BEBB
B65A
C6BC
CEBC
ADD8
ADD7
C5F7
BE39
8DFA
8E1B
85DA
7DB9
7D9A
7579
6D59
7579
6D79
6D59
7579
85FB
85FB
75BA
6D7A
6D59
6D39
6D39
6D39
6D39
6D39
6D39
7579
85FB
965C
963B
963B
85FA
6D59
64F9
5C99
5437
4BB6
4375
5436
9E1B
AE5B
AE7B
B6BB
B6BB
B69B
B69B
9DD9
9DFA
BE9C
C67B
BE7B
BE7B
C67B
CEBC
D6DC
D6FD
D6FC
D6FC
DF3C
D73C
D6FC
D71B
DF3C
9DFA
5C97
95BA
CEDC
D6DC
CEBB
DEFC
DF1C
DF1B
E73C
E73C
E73C
E73C
DEFC
DEFC
DEFB
D6FB
DEFB
DEFC
DEFC
D6FC
D6DB
D6DB
D6DB
D6FB
D6FB
DEFB
D6DB
D6DB
D6DB
CEBB
CEBB
CEBB
C6BB
CEBC
CEDC
CEBB
CEBB
CEDB
C69B
B65B
AE5A
A619
9DB8
7476
95BB
95DB
74B8
74B8
9599
E79E
D6FB
BE9B
C6BC
C6DB
C6DC
BE9C
BE9C
CF1D
CF1D
D6FD
D73D
DEFD
D71D
D71D
D71D
D71D
D71D
D71C
DF3D
8D79
43D6
4BD6
4BF6
5C77
64B8
4BD6
4BB5
5C57
6498
4BD5
4BF6
4BB5
BE9D
E77E
D71E
D71D
DF3E
CEBC
C5F8
CDD5
DE57
EE56
CDF6
8D37
6D5A
6D7A
6D5A
6D3A
7D7A
AE9D
B6BD
B6BC
AE9C
AE5A
A619
A5F9
9597
9536
8D15
8CF5
8D15
8D36
8D37
8D78
8D78
95B8
9DD9
AE3A
B65A
AE5A
A61A
9E1B
961C
95FB
95FB
8579
74D8
6498
A65D
AE7D
B6BC
A65B
A63B
A63B
AE7C
8538
6476
AE3B
BEBC
BEBC
B65A
B65B
B65B
AE3A
AE1A
AE1A
AE3A
AE3A
B67B
AE5A
B67B
B65B
95BA
7D5A
BE9C
D71C
DF1C
DF1C
E73D
E75D
E73D
EF5D
EF5D
EF5D
E73D
E73D
DF3C
DF1C
DF1C
DF3C
DF3D
DF1D
DF1D
DF1D
DEFC
D6FC
DF3D
DF3D
D71C
D71C
D71C
D6FC
D6DC
CEBC
CEBC
C6BC
C69C
C6BC
C6BC
C69C
C6BC
BE9C
AE7B
AE7B
AE3A
B65B
7CB7
BEBB
B67C
6C78
8D99
B67A
C69A
C69A
C6BB
C6BB
CEFB
8D37
84D6
D73E
CEFC
CEDC
CEDC
CEDC
D6DC
CEDC
CEDC
CEDC
D6FC
CEDC
CEDC
D73D
8559
43B5
4BB5
4BD5
5C56
5C77
4BB5
4BB5
5C36
6477
43B5
4BD5
4394
A5B9
DF3D
A619
BE9B
A5FA
A535
DDF6
EE78
EE57
EE56
EE77
C595
6C53
6D39
6519
7559
A67B
D71C
CE79
C617
CDF6
CDD5
D5D5
DDF5
DDF5
DDF6
DE16
E616
E636
DDF6
DDD5
D5D5
D5F6
D5F6
D5D5
CDD5
CDF5
CDB5
BD94
BDB5
BDD6
BDB6
BDD6
C617
ADB7
6C33
8516
9598
A61A
95B9
8558
7D38
8D79
6497
6477
9E1B
AE7B
AE5B
9DFA
A619
AE3B
9DDA
9DD9
A5D9
9D99
9578
A61A
9578
9558
84F8
6CB7
A63B
DF3D
D71C
DF3C
DF1C
DF1C
E71C
E73D
E73D
DF1C
DF1C
DF1C
DF1C
DEFC
D6FC
D6FC
D6FC
D6DC
D6DC
D6DC
D6DC
CEBB
CEBB
D6DB
D6DB
CEDB
CEBB
CEDB
CEBB
C69B
BE9B
BE9B
B67B
B65A
AE5A
AE5A
AE5B
B65B
AE5B
AE3B
AE5A
A619
B63A
84D6
D73C
C6BD
6C38
959A
CF1C
D71C
CF1C
D71C
CF1C
D75D
7D17
4B72
9577
D71D
CEDC
CEDC
D6FC
D6FD
D6FD
CEDC
CEDC
BE7B
CEFC
C69B
9559
8559
43B5
4BB5
4BD5
5C57
5C77
4BB5
4BB4
5C16
6477
43B5
43B5
4394
A5D9
DF5D
AE3A
A5D7
A513
ACD1
CD94
D5D5
EE57
EE57
EE98
E678
944F
638F
7CB4
9556
A555
BD54
D5B5
DE16
E656
EE57
EE57
EE57
EE57
EE57
EE56
E656
E656
EE56
EE77
EE77
EE57
EE57
EE57
EE57
EE57
EE57
EE57
E657
E636
E616
E616
DDF6
D5B5
CDB5
BD74
B533
B533
AD54
AD75
AD76
A555
8493
84B4
A5D9
A5B8
A619
AE19
AE5A
BE9B
C6DC
CEFD
CEDC
CEFC
D71C
D71C
D6FC
D6FD
D71E
A61A
9E1A
CEFC
D71C
DF1C
DF1C
E71C
E71D
E73D
E71C
DF1C
DF1C
DF1C
DF1C
DF1C
D6FC
D6FC
D6DB
D6BB
D6DB
CEDC
CEDC
CEBB
CEBB
CEDB
CEBB
CEBB
CEBB
CEBB
C69B
BE9B
BE7B
B67B
AE5A
AE5A
AE3A
AE5A
AE5B
AE3B
B65B
B67B
B67A
AE5A
BE7B
C65B
A61A
9DDB
6417
8D7A
CEDC
CEFC
CF1C
D71C
CEFC
CF1D
7D17
53D3
6C95
CEFE
D6FD
CEDC
CEDC
ADFA
ADF9
D71C
BE7B
6C55
CF1D
B65B
7498
857A
4BD5
4BB4
4BD5
5C57
5C77
4BB5
4B94
5C16
6477
43B5
4BD6
43B5
B67C
DF3D
C617
C5D5
EE77
EE77
DE15
C532
AC90
D5F5
E698
DE57
F6F9
BD73
B4F2
BD53
CDD5
E657
EE57
EE58
EE57
E657
E657
E637
E637
E637
E637
EE57
E637
E637
E637
E657
E637
E637
E637
EE37
EE37
E637
E637
E637
E637
E637
E637
EE37
EE57
EE57
EE77
EE57
EE57
EE57
EE56
E636
DE16
D5F5
CDB4
C594
BD54
BD33
ACF2
9470
842F
73EF
73F0
6BF1
7C73
7C94
8D16
84F6
8D37
84F6
9599
BEDD
C6DB
D71C
DF1C
DEFC
DEFC
E71C
E71C
DEFC
DEFC
DF1C
D71C
D6FB
D6FC
D6FC
D6DB
CEDB
CEDB
CEBB
CEBB
C6BB
C6BB
C6BB
C6BB
CEBB
C6BB
C6BB
C6BB
BE9B
BE7B
BE7B
AE5A
AE3A
AE5B
AE5B
AE3B
AE3B
A63B
B65A
BE9B
C6DC
BEBB
ADF9
ADD9
74D9
8D9A
5C37
8D59
C6FC
C6BB
CEFC
CF1C
C6DB
C6FC
74D6
4BD3
74D7
AE3B
C6BC
CEDC
A5D9
7CD7
84F7
DF7D
BE9B
6435
CF1C
BE9B
9D9A
8559
43B5
4BB5
4BD5
5C37
5C57
43B5
4B94
5416
6477
4395
4BD6
4395
9DDA
CEBB
CDD5
EE77
E636
E636
E657
EE77
D5D5
9C0E
9C2F
B4D1
D5D5
C594
B4D1
E657
E677
EE76
E656
DDB5
D5D5
E637
EE37
EE37
EE37
E637
E637
EE37
EE37
E637
EE37
EE37
EE37
EE37
E637
EE37
E637
E637
EE37
E637
E657
E657
E657
E657
E637
E637
E637
E637
E637
E657
E657
E657
E657
EE57
EE77
EE77
EE77
EE77
EE57
EE77
E636
D5D5
CDB4
BD53
ACF2
A4B2
A4B2
9492
8C72
73D0
7BF0
9D14
A575
A576
ADD8
CE9B
D6FC
E71C
E75D
E75D
E73D
DF1C
D71B
D71B
D6FC
D6DB
CEDB
C6DB
C6DC
CEBB
C6BB
C6BB
C6BB
C6BB
C6BB
C69B
BE9B
BE7A
BE7B
BE9B
BE7B
B67B
AE5A
AE5A
AE5B
AE5B
AE3B
A63B
A63A
AE5A
BE7B
C6BC
C69B
9516
63D4
7CF9
AE9C
8558
9DDA
C6DB
BE9B
C6DC
CF1C
C6BB
C71D
74B5
4BD3
7CF7
BE9B
BE9B
BE9B
B69C
B67C
B65B
8D15
B67C
B65C
CEDC
CEDC
C6DD
8559
43B5
43B4
4BB5
5C36
5C77
43B5
4B95
5416
6477
43B5
4375
42F0
9D15
C5F7
CD93
E656
EE57
EE77
E656
E657
EED9
E657
BD33
A470
A42F
AC4F
E616
E657
D5D5
C552
BCF1
B490
C533
E657
EE37
EE37
EE37
E637
E637
E637
EE37
EE37
EE37
E637
EE37
EE37
EE37
EE37
E637
E637
EE37
EE37
E657
E637
E637
E657
E657
E637
E637
E637
E637
E637
E637
E637
E637
E637
E657
E657
E657
E637
E637
E657
E657
E657
EE77
EE77
F678
F678
F678
F678
EE58
EE57
E5F6
D594
C574
B4F2
A491
ACF2
AD13
AD13
AD54
B5B6
C659
D6DB
DF3C
DF5C
D71C
CEDB
CEBB
C6BB
C6BB
C6BB
C6BB
C6BB
C6BB
C6BB
C69B
BE9B
C69B
BE9B
BE9B
BE9B
B67B
B67B
B65B
B67B
B67B
B67B
AE7B
AE5B
AE5B
B67B
BE7B
C69B
BE7B
C67B
7497
AE3C
D75D
D75D
BEDB
CF1D
CF1C
D73D
D73D
D71C
DF7E
74D6
43B3
7CF7
DF5E
D71D
D71D
C71D
BEBC
BEDC
53B1
7496
9579
CF1C
BE7B
7CD7
8559
43B5
4395
4BB5
5436
5C77
4394
4374
5416
6498
43B5
4AEF
BD54
E657
DE16
CD93
BD52
9C0D
BD11
EE77
EE98
CD73
D5D5
F6D9
DDF6
AC6F
C4F1
C532
C532
C532
D5D4
E637
EE78
EE78
EE57
E637
EE37
EE37
E637
E637
EE37
EE37
E637
EE37
E637
EE37
EE37
E637
EE37
E637
E637
E637
EE37
E657
E637
E637
E657
E637
E637
E637
E637
E637
E637
E637
E637
E637
E637
E637
E637
E637
E637
E637
E657
E637
E657
E657
E637
E637
E637
E637
E637
E637
E637
EE57
EE58
EE57
EE78
F698
EE77
E637
DDF6
CD94
BD33
B512
B513
B554
B595
C638
CE9A
D6FB
D6FC
C6DC
C6BB
C6BB
C6BB
C6BB
C6BB
C6BB
C6BB
C69B
C69B
BE9B
BE7C
B67B
AE59
A638
9E39
9E38
8DD6
8596
9E19
AE7B
B67B
BE7A
C69B
BE7B
BE5A
7455
AE1B
D73D
D73D
B65A
7CF5
8536
8537
8D17
8D17
9558
6434
4392
74B6
D73D
D71C
D71C
C6DC
B69B
BEBC
53F2
4BB3
6455
CF1C
BE7B
7CD8
855A
43B5
4395
4BB5
5436
5436
63F4
7C32
532F
5415
4351
C574
F6B8
E657
E657
E657
E636
D5D5
9C0D
836B
ACB0
CD53
BD12
D594
9C0D
9BED
B4B0
CD73
DE35
EE77
E657
E657
E657
E657
E657
E637
EE37
EE37
E637
E637
EE37
E637
E637
E637
E637
E637
E637
E637
E637
E637
E637
E637
E637
E637
E657
E657
E657
E637
E637
E637
E637
E637
E637
E637
E657
E637
E637
E657
E657
E637
E637
E637
E657
E637
E657
E657
E637
E637
E637
E637
E637
E637
E637
E637
E637
E637
E638
E657
E657
E657
E657
EE58
EE78
EE77
EE57
DDF6
CD74
BD33
AD12
B574
BDD6
C659
CEBB
CEFC
CEFC
CEDB
CEDB
CEDB
CEDB
CEDB
C6BB
C69C
BE9C
A659
85D4
7DD2
75D3
75F3
6D70
546E
4C0E
7D34
BEBB
C6BB
C69B
C67B
ADF9
9D98
A61A
DF3D
D71C
C6BB
3ACD
226D
3B32
4352
4352
4B93
53D4
4B93
5C34
CEDD
CEFC
BEBB
B6BC
9E19
A67B
53D2
4372
6C96
CF1C
BE5B
7CD8
8559
43B5
4395
4BB5
5436
5416
63F3
D615
D5D4
4AEE
5330
EE56
E676
E657
E637
E637
EE77
F6D9
E657
CD94
ACB0
A44E
B4B0
A40D
9C2D
C532
E616
EE77
E657
E637
E637
E637
E637
E637
E637
E637
EE37
E637
E637
E637
EE37
EE37
EE37
E637
E637
EE37
EE37
EE37
E637
E637
EE37
EE37
E637
E637
E637
E637
E637
E637
E637
E637
E637
E637
E637
E637
E637
E637
E637
E637
E637
E637
E637
E637
E637
E637
E637
E637
E637
E637
E637
E637
E637
E637
E637
E637
E637
E637
E637
E657
E657
E637
E637
E637
E637
E637
E637
E657
EE57
EE77
EE57
DE16
CDB4
C594
C5B5
C617
C638
CEBA
D71C
DF1C
DF3C
D73C
C6DB
BEBA
AE58
9635
75F1
75F0
75F1
75D1
6DB0
3BEA
3349
4C0E
9E39
B69B
BEBC
C6BB
BE39
C67A
A5F9
CF1C
CEFC
DF5D
ADF9
5BD2
6C56
6C56
6C76
6C76
6C56
6435
6434
9DD9
BEBC
A63A
A63B
85B8
9E1A
53D2
4352
6C76
CF1C
B65B
74B7
8559
43B5
4395
4BB5
5436
5457
5B91
DDF5
FEB7
B513
632E
E677
E636
DDF5
F698
EE77
E636
C533
DDF5
F6B8
CD73
A44E
B48F
BCF1
E635
EE77
E657
E637
EE37
E637
E637
E637
E637
E637
E637
E637
E637
E637
E637
E637
EE37
E637
EE37
E637
E637
EE37
EE37
EE37
E637
E637
EE37
EE37
E637
EE37
E637
EE37
E637
EE37
E637
EE37
E637
E637
EE37
E637
EE37
E637
EE37
E637
EE37
EE37
EE37
E637
EE37
EE37
EE37
EE37
E637
E637
EE37
E637
E637
EE37
EE37
EE37
EE37
E657
E657
E657
E637
E637
E637
E637
E637
E637
E657
E657
E657
E637
E657
E657
EE57
EE57
E637
DE16
CD95
BD74
B595
BDB7
BDD7
BE59
9615
7DF2
7DF2
7DF2
75D1
75F0
75F1
75D1
6DB0
5CEE
5CEF
6D31
6D32
64D1
8DD6
B6BC
7453
7CB6
A61A
CEFB
D6FC
D71D
D73D
C6DC
BEBC
5BF3
3B10
4331
32AE
32AE
6C75
7D38
B69D
B6BD
B69C
A65B
AEBC
53B1
3B31
6476
CF1C
BE7B
959A
8579
43B4
4394
43B5
53F5
4BF5
532F
CD74
E615
D5F6
7B8E
E657
D5D4
AC6F
9C2E
CDB5
E637
D5B4
C512
BCF1
9C0E
B4AF
D5B3
EE77
EE77
E657
E637
E657
E637
E637
E637
E637
E637
E637
EE37
E637
E637
E637
EE37
E637
EE37
E637
EE37
E637
EE37
EE37
EE37
EE37
EE37
EE37
EE37
EE37
EE37
E637
EE37
EE37
EE37
EE37
E637
EE37
EE37
EE37
E637
EE37
EE37
E637
E637
EE37
EE37
EE37
EE37
EE37
EE37
E637
EE37
EE37
E637
EE37
EE37
E637
EE37
EE37
E637
EE37
EE37
E657
E657
E657
E657
E637
E637
E637
E637
E637
E637
E657
E657
E637
E637
E637
E637
E637
E637
E657
EE58
EE57
E636
DDD6
CD94
BD74
84D0
6D8F
7610
5D2E
6D90
75F0
75D1
75D1
6DB0
75D1
7DD2
75B1
4C8D
440D
4BEE
A67A
7CB6
5375
AE5C
C6DB
C6DB
C6BC
C6BB
C6DC
C6DC
6C33
5372
5BD3
3AEF
224C
53B2
6434
7495
8D58
8557
8D57
8D78
32CE
4351
B69E
CEFC
C6DB
C6FE
8538
4BD5
3B53
5373
7412
9514
9D14
CE17
D658
9C91
62CB
D5D6
D552
A3CC
93AC
732C
7BAD
AC6F
BCD0
A40E
BD12
EE57
EE77
E637
E637
E637
E637
E637
E637
E637
E637
E637
E637
E637
E637
E637
E637
E637
E637
E637
EE37
E637
EE37
E637
E637
EE37
EE37
EE37
E637
E637
EE37
E637
E637
E637
E637
EE37
E637
E637
E637
E637
EE37
E637
EE37
E637
E637
E637
E637
E637
EE37
EE37
E637
E637
E637
E637
E637
E637
E637
E637
EE37
E637
EE37
E637
E637
EE37
E637
E637
E657
E657
E657
E637
E637
E637
E637
E637
E637
E637
E637
E657
E637
E637
E637
E637
E637
E637
E637
E637
E657
E657
EE77
EE77
E616
8530
6DD0
4CAD
5D0E
75F1
75D1
75D1
75D1
75D1
75B0
6D8E
5CED
5CAF
3B6C
74F4
8D58
5BD5
6CB6
5390
328C
32AD
32AD
328D
3AEF
4B51
5BD3
5BF3
5BD3
2A8E
32CF
4331
2A8E
430F
4B4F
430F
3AEF
430E
5BF2
9DB9
CEFD
BE7B
8D57
8558
4394
53D3
A555
CE58
CE58
CE58
C658
C638
AD54
9472
7B8E
A42D
BCCF
CD52
9C4F
62A9
B4D0
B48E
C531
EE77
EE57
E637
E637
E637
E637
E637
E637
E637
E637
E637
EE37
EE37
E637
E637
E637
EE37
EE37
EE58
EE58
EE58
EE58
EE58
EE37
EE37
EE37
EE37
E637
E637
EE37
EE37
EE37
E637
E637
EE37
EE37
E637
E637
E637
EE37
EE37
E637
E637
E637
E637
E637
E637
E637
E637
E637
E637
E637
E637
EE37
E637
E637
E637
E637
E637
E637
E637
E637
E637
E637
E637
E637
E637
E637
E637
E637
E637
E637
EE37
E637
E637
E637
E637
E657
E657
E637
E637
E637
E637
E637
E637
E637
E657
E657
E637
E637
F678
C593
6D6F
5D2F
652F
75D1
75D1
75D1
6DD1
75D1
75B0
5D0C
652D
546E
334C
3B6D
6473
5C14
5C78
6456
74D6
6C95
84F6
A5D8
A5D8
84F7
4B92
53B2
5392
3B10
6456
5C37
5C56
A61A
B67B
9579
9579
D73E
BEBC
8518
CEFC
BE9B
9DFA
8559
3B32
7472
BE17
B5B6
B595
B575
B575
B596
BDD6
BDF7
A4F4
734C
BCF0
C511
A40D
AC6F
BCF1
AC6E
EE76
EE57
E637
E637
E637
E637
E637
EE37
E637
EE37
E637
E637
EE37
E637
E637
E637
EE58
EE57
E636
E616
DDF5
E616
E636
EE37
EE57
EE78
F678
EE78
EE78
EE58
EE58
EE37
EE37
E637
E637
EE37
EE37
E637
E637
E637
EE37
EE37
E637
E637
EE37
E637
E637
E637
E637
E637
E637
E637
E637
E637
E637
E637
E637
E637
E637
E657
E637
E637
E637
E637
E637
E637
E637
EE37
EE37
E637
EE37
EE37
E637
E637
E637
E637
EE37
EE37
E637
E637
E637
E637
EE37
E637
E637
EE37
EE37
EE37
E637
E637
E637
EE57
DE15
7D0F
75F2
75D1
6DB0
75B1
6D90
656F
6DAF
6D8F
444B
33AA
43AC
3B6B
4C2D
5450
3B8F
5C39
6CB9
9E5C
8DFA
B6BD
EFBF
E77E
A5DA
4B92
53B2
6414
4BB4
5416
4BD6
5436
A65B
BEBC
9DBA
A5BA
D71D
BE9B
6C75
CEFC
B65A
7496
8559
3B52
5B8F
B5B6
B5B6
B596
B5B6
AD76
A514
9CD3
A4D3
AD13
83CE
93CC
B48E
AC4E
BCD0
938B
C511
EE97
E637
E637
E637
E637
E637
E637
EE37
EE37
EE37
E637
E637
EE37
E637
EE58
E637
D5B4
CD32
C510
C4F0
C511
C510
BCCF
B48E
AC4E
AC6E
B4B0
C512
CD53
DDD6
E637
EE78
F699
EE78
EE58
EE57
EE37
E637
E637
E637
EE37
EE37
E637
EE37
E637
EE37
E637
EE37
EE37
EE37
EE37
EE37
E637
EE37
EE37
E637
E637
E637
E637
E657
E637
E637
EE37
EE37
EE37
E637
EE37
EE37
EE37
EE37
E637
E637
EE37
EE37
EE37
EE37
E637
EE37
E637
EE37
EE37
E637
EE37
E637
E637
EE37
EE37
EE37
E637
E637
E637
EE37
E657
84EF
6DD1
6DB0
6DB0
75B1
6D90
6D90
6570
6550
548F
4C6D
6530
4C4E
5CD0
6512
5C91
6CD9
7539
961B
8DFA
B67B
E75D
DF3D
ADFA
53D2
53F2
5C34
4BB4
5417
43B6
4C16
A65A
A5F9
6C76
7C97
D71D
B67A
6434
CF1D
B65A
7497
8559
4394
3ACF
73F1
B5D7
AD75
9CF3
A4D3
BD33
CDB5
D5F6
DDF6
D5D5
CD94
CD53
CD94
CD94
BCF2
DDF5
EE57
E637
E637
E637
E637
E637
E637
EE37
EE37
E637
EE37
E637
E637
EE57
DDF5
C511
BCAF
C4D0
CD11
BCAF
9BCC
7B09
6A67
6226
59E5
51C5
51C5
59E5
6226
6247
7AE9
93CD
AC70
C533
DDF6
EE57
EE98
F698
EE58
EE37
E637
E637
E637
E637
EE37
EE37
E637
E637
EE37
EE37
EE37
EE37
E637
E637
EE37
E637
E637
E637
E637
E657
E637
E637
EE37
E637
EE37
EE37
E637
E637
E637
EE37
EE37
EE37
EE37
EE37
EE37
EE37
E637
EE37
EE37
EE37
E637
E637
EE37
E637
EE37
E637
EE37
EE37
EE37
E637
E637
E637
EE57
84EF
6D90
6DD0
6DAF
6D8F
6570
6550
5D0F
6551
6D93
6550
5D2F
4C8E
5CF0
5D11
6DB2
85BB
8DDB
963B
961B
B69C
E73D
DF3C
C69A
9577
95B8
6CB5
4374
4395
3B75
4C16
A65A
9DD9
6C97
7CB7
D71D
BE7B
6454
CEFD
BE9B
9DB9
8558
4374
4374
4353
5B70
9C91
B532
DE16
EE57
EE78
EE77
EE57
EE77
EE77
EE78
EE77
EE77
EE78
E657
E637
E657
E657
E637
E637
E637
E637
E637
E637
E637
E637
EE37
EE57
D593
BCCF
C4CF
CD11
BCD0
834A
6247
5A06
5A06
6247
6247
7288
7AE9
8B2A
936B
936B
938B
936B
8B2A
8309
830A
8B4B
938C
9C0E
BCF1
D5B5
E637
EE98
F698
EE78
EE57
EE37
E637
E637
E637
E637
E637
E637
E637
E637
E637
E637
E637
E637
E637
E637
E637
E637
E637
E637
E637
E637
E637
EE37
EE37
E637
E637
E637
E637
E637
E637
E637
E637
E637
EE37
E637
E637
E637
E637
EE37
E637
E637
E637
E637
EE37
E637
E637
E637
EE37
EE57
8CEF
656F
6DB0
6D8F
658F
654F
5CEE
5D0E
5D0F
6510
6CEF
6D30
6D30
64CF
7530
7550
7D9A
85BA
963B
963B
B69C
E75D
DF1C
DF1C
D71C
DF5D
8536
43B5
43B6
3B75
4C16
A65B
A619
9579
9DB9
CEFC
C6DC
B69C
CEFC
CEFC
C6DC
8D78
4394
4374
4353
5B4F
D5F6
D5F6
D5F5
E657
E637
E657
E657
E637
E637
E637
E637
E657
E657
E657
E637
E637
E637
E637
E637
E637
E637
E637
E637
E637
EE58
EE57
CD52
BCAF
C4D0
D531
AC0E
51E5
49A5
6268
6267
6247
5A27
6A88
9BAC
ABED
ABEC
ABCC
ABCC
A3AC
ABAC
A3AC
A3CC
A3CC
A3CC
9BAB
8B4A
8B4A
938B
8B6B
832A
AC70
CD73
DE16
EE98
F699
F678
EE58
EE37
E637
E637
E637
E637
E637
E637
E637
E637
E637
E657
E657
E637
E637
E637
E637
E637
E637
E637
E637
EE37
E637
E637
E637
E637
EE37
E637
E637
EE37
EE37
EE37
E637
E637
E637
E657
E657
E637
E637
E637
EE37
E637
E637
E637
EE37
E637
A593
A697
A697
A676
A697
A696
A676
AE77
AE57
AE57
AE37
AE37
AE37
AE37
AE17
ADF7
7D7A
85BB
8DFB
961B
B69C
E75D
DF1C
D6FC
D6FC
DF1C
84F5
4BF5
5417
5437
5437
A65B
D75D
C6BC
BE7C
CEFD
B65C
7CD7
AE7C
8D9A
4B94
5C37
4374
3B13
530F
E637
F6D9
F698
F6D9
F73A
EE78
EE78
EE57
EE57
EE58
EE58
EE57
EE57
E657
E637
E637
E637
E637
E637
E637
E637
E637
E637
EE37
EE58
E657
CD52
C4AF
CD11
C4F0
8B4A
51E5
49C5
6268
6268
6247
6227
6A67
8B6B
7287
9B4B
A3CC
A3AC
A3AC
A3AC
A3AC
A3AB
A3AB
A3AC
9BAC
A3AC
A3AC
A3CC
938B
8B8B
49A4
5A26
938C
8B6B
93AC
A42E
C533
DDF6
EE58
EE78
EE78
EE58
EE37
E637
E637
E637
E637
E637
E657
E657
E637
E637
E637
E637
E637
E637
E637
E637
EE37
E637
E637
E637
EE37
EE37
E637
E637
EE37
EE37
EE37
E637
E657
E657
E657
E657
E637
EE37
EE37
E637
E637
E637
E637
EE37
E637
7C70
6C71
6C31
6C52
6411
6412
6410
5BCF
5BF0
5BCF
53AE
4B8E
538E
5BF0
4B6E
538E
757A
85BA
8DFB
8DDA
AE7B
E75D
DEFC
D6DB
CEBB
D6DB
84D5
53F4
53D6
4395
4BD5
8579
7CD8
5373
4B53
8519
6436
2A90
6477
5415
3312
4374
4BB4
53D4
63B0
A4D1
C5B5
C5B5
B553
C5B4
C553
CD73
D5D5
DDF5
D594
D5B4
D5B4
DE15
EE57
EE98
EE78
E657
E637
E637
E637
E637
EE37
EE57
E636
DDD4
C511
C4D0
CD11
AC0E
6A87
5A05
5A27
5A26
6247
5A27
6247
72A8
93AC
8B6B
6205
8B2A
A3CC
A3AC
9B8B
A38B
A3AC
A3AB
A3AC
9B8B
934B
A3AC
A3AC
A3AC
9B8B
938B
7309
6AE9
9BAC
9BAC
7AE9
6A46
59E5
6247
834B
B4B0
C533
DDD5
EE37
F698
F698
EE78
EE57
E637
E657
E657
E637
E637
E637
E637
E637
E637
E637
E637
EE37
E637
E637
EE37
EE37
E637
EE37
EE37
EE37
EE37
EE37
E637
E657
E657
E637
E637
E637
E637
EE37
EE37
EE37
E637
E637
EE58
DDF6
6C0F
3B2C
438C
6C51
3B2B
6C70
4B6C
438C
6471
4BCE
6CB1
540E
5C6F
7D34
4BCE
7D12
9E5B
A69C
AEBC
AE9C
C6FD
E75D
DF1D
D6FC
CEBB
D6FC
8CF6
8D58
9DBA
9DB9
A61A
A63A
9DD9
9DD9
9DF9
AE3A
AE3A
AE19
B65A
B65A
AE5A
AE5A
B65A
B67B
B67B
A5D8
9556
8CF5
7C93
9CB1
BCD0
AC4E
93AC
B48F
B46F
B48F
AC6F
AC6F
AC4F
B4B0
D5B4
E636
EE78
EE58
EE58
EE57
EE57
D5B3
C4F0
C4F0
CD11
BC8F
830A
61E6
6226
6A67
5A06
5A06
6227
5A06
6A68
9BAC
A3ED
8309
6206
8B09
A3EC
9BCC
936A
934A
A3CC
A3AC
A3AC
9B8C
8B2A
A3AC
A3AC
A3AC
A3CC
938B
8349
732A
6A87
6246
6AA8
93CB
8B6B
6246
51C5
7B0A
93CC
93CC
8B8B
93AC
B4B1
CD74
E616
EE78
EE98
EE78
EE57
E657
E637
E637
E637
E637
E637
E637
EE37
E637
E637
E637
EE37
EE37
E637
EE37
EE37
EE37
EE37
E637
E637
E637
E637
E657
E637
E637
E637
EE37
E637
E637
E637
EE58
C594
9D95
75B3
7E13
A656
7550
A6B6
7D71
75B0
AE76
7D72
A677
85B3
7DF1
A697
7D92
AE96
8D56
8556
8537
8D57
8558
8558
8516
BE5B
D6DC
D6FC
8CD5
74F6
8D98
8557
7D37
6CB5
7516
7516
7D16
74D6
74D5
6CB5
6C94
6C95
6C96
6455
6454
5C14
5C14
53F4
4B93
4353
32F2
5B71
D573
AC4E
BC8F
CCF1
CCF0
CCF0
CCD0
C4D0
BCAF
9B8B
AC4E
AC2E
BCB0
CD73
D5B5
DDD4
CD52
BCD0
CD11
BC8F
934A
6226
6207
6A47
6226
6A47
6206
7AE9
7B0A
5A06
7289
9BCD
9BEC
82E9
6206
8309
A3EC
A3AC
9B8B
8B09
A3AC
A3AC
A3AC
9BAC
934A
9BCC
A3AC
A3AC
A3AC
9B8B
8B4A
6AC9
6A88
834A
93EC
8B8B
938B
9BEC
7288
6247
93AC
93AB
8B8A
51C4
59E6
5A06
834B
93AD
ACD1
C553
DDD4
EE56
F677
EE77
EE57
EE57
EE57
E637
EE37
E637
E637
E637
E637
E637
E637
E637
EE37
EE37
EE37
E637
E637
E657
E657
E636
E637
EE37
EE37
EE37
E637
E637
E637
EE77
B572
A616
85F3
7DF2
AE97
7570
AEB6
7DD3
75B0
AE97
8592
A676
85F3
75D0
B697
85B2
AE97
5C74
6CD6
6C95
74B6
6CB6
74F6
6433
BE5A
D6FC
D6FC
8CF5
4BD3
5C55
6CF7
6496
6CB6
5C14
6CD7
6476
6CD7
6CD7
7538
74D7
74F8
7D19
6436
5C56
4BB4
6C76
8538
4394
32F3
32F2
2290
9471
D551
CCF0
CD10
CCF0
CCF0
CCF0
CCD0
CD11
AC2E
BC8F
C4F1
BCAF
BC6F
BC6F
BCCF
C4F0
C4F0
9BCC
5A06
5206
6247
6267
6A88
7AE9
8B6B
72A8
9BCC
832A
51C5
7AC9
A3ED
A3CC
7AE8
6206
7AE9
A3ED
A3AC
9BAC
7AC8
9BAC
A3AC
A3AC
9BAC
934A
9BCC
9BAC
9B8B
9B8C
BCB0
A40D
72C9
A42F
CD31
BCF0
9BEC
8309
8B4A
93CC
6A67
7AC9
8B4A
9BED
72A8
59E6
6206
72A9
936C
7B4C
7412
8451
944F
A48F
C531
DDD3
E615
EE56
EE57
EE58
EE57
EE58
EE37
EE37
EE37
EE37
E637
E637
E637
EE57
EE58
EE57
E616
D5B4
DDD4
EE37
E637
EE37
EE37
E637
E637
E637
EE77
A531
A636
85D2
7DD2
AE97
7590
AE97
7DD3
652E
B677
7DB2
A676
8613
6DD0
B697
7D92
AEB7
7D9A
9E3B
A61A
A67C
BEDC
D71C
CEFC
D71D
CEBB
D6FC
9516
5C35
4BD4
95DA
74D7
8D9A
6435
8DBA
74F8
8599
6477
95BA
7D18
8559
7D18
6C96
6476
4BB4
7497
9DFA
5BD3
A5DA
A5FA
A5FA
9536
8C2F
AC4F
AC4E
B46F
B46F
B46F
B46F
BC8F
BC8F
BC90
CD11
CD10
CD10
D531
CD11
AC4D
8B6A
72C8
5A46
6267
6267
6A48
93AC
9C0D
A3ED
72A8
93CC
832A
51A5
830A
A3ED
A3EC
7AC8
5A06
830A
A3ED
A3CC
9BCC
7288
936B
A3AC
A3AC
9BAC
82E9
A3AC
932A
936B
D5B3
EE36
D594
7B09
AC6E
CCF0
C4D0
C511
BCB0
A40D
8B6A
72C8
6A47
8B2A
9BAC
8B6B
59E6
6206
6226
8B2A
8B6C
6C31
A63B
ADF8
8493
94D3
9490
9C70
A44E
B4D0
C532
D594
DDF5
EE37
EE57
EE57
EE57
EE57
EE57
EE57
E636
DDD5
CD53
CD52
DDD4
EE57
EE37
E637
EE37
EE37
E637
E637
EE37
E657
8CEF
AE76
85D2
7DD1
AE97
7590
B6B7
64CF
3BC9
AE57
85B2
A676
8613
75B0
AE77
64EF
AE77
8599
A65B
B69B
AE7B
BEBB
D71C
D6FC
DF1C
CEBB
D6FB
8CF5
8518
6498
9DFB
7CD8
9DDB
6497
95DB
7D18
8DBA
6C77
95BA
7D17
857A
7D19
7497
7497
53D4
74B7
9DFA
6414
E75E
E77D
F7BD
C67B
53D3
8431
72A8
936B
8B6B
8B6A
8B6A
8B6B
93AB
8B4A
936B
A40D
AC0D
A3EC
8309
6225
8B4A
7288
6247
6267
6247
7AC9
A3ED
9BCC
A3ED
72A8
8B8B
8B4B
51A5
8B4B
A3ED
A3CC
7AC9
6206
8B4A
A3CC
A3AC
A3CC
7267
8B2A
ABCC
A3AC
9BCC
6A46
8B2A
A40D
C532
E636
A40E
AC2D
938C
9C0D
C510
BCCF
C4F0
CCF1
9BCC
8308
8349
6A47
7AC9
8B4A
9BAC
6267
5A26
6206
6A67
9BAC
7B4C
9556
B69B
9598
B65B
AE19
D71C
B5D6
B5B5
A4D1
A4D1
ACB0
A44F
AC6F
C511
D573
D573
CD52
C511
C4F0
C511
DDB3
E656
EE56
E656
E637
E637
EE37
EE37
E637
E637
EE37
E637
7CCF
A696
85D2
7DD1
AE97
7590
B697
6D10
5CAD
B677
85D2
A676
85F3
75B0
B697
64CF
9DF5
8DFA
A67B
B69B
B6BC
BEBB
D71C
DF1C
DF1C
CEBB
D6FB
8CF5
8518
6477
9DFB
7CD8
9DBA
6476
95DA
7D18
959A
6C77
9DBA
7D17
8D7A
8519
7497
7497
53D4
74B7
9DFA
6414
DF1D
DF3C
E75D
BE5B
6435
6B8E
938C
9BCC
93AC
A3CC
A3CC
A3CC
9BCC
8B4A
938B
9BAC
832A
59C4
59E5
72C8
8B6B
6246
6247
6267
6206
934B
A3CC
9BCC
A3ED
7AC8
834A
938C
51C5
8B4B
A3ED
9BCC
7AC9
6227
938B
A3CC
A3AC
A3CC
6A67
82E9
ABCC
A3AC
938B
72A8
C4F1
E656
B4D1
93CD
938B
8B2A
8B6B
B4D0
E656
CD52
BCD0
C4F0
C4D0
8B09
9BAC
832A
6A47
9BAC
A40D
7B0A
5A28
51C6
6206
830A
9B8C
9471
B67B
8517
ADFA
ADD9
DF5D
D6DA
EF9D
D6FB
DF3C
DF1C
BDF7
AD74
9CD2
940E
BCB0
C510
CD72
DDF5
EE57
EE77
E656
E656
E657
E637
EE37
EE37
EE37
E637
E637
EE58
D5F6
6CAE
A676
85D2
7DD1
AE97
7590
AE97
85D3
7590
AE77
7DD2
A696
85F3
6D90
B6B7
6CF0
A615
8DDA
AE7B
A619
B69B
B69C
C6BC
BE9A
D6FC
CEBB
D6FB
8CF5
8518
6477
9DFB
7CD8
95BA
6497
95BA
7CF7
8D9A
6C97
959A
7D17
7D19
6415
7497
7C97
53D4
74B6
9DD9
6414
DF3D
E73C
E75C
BE5B
53B3
5ACA
9BEC
8B2A
9BAC
A3AC
A3AC
A3CC
938B
8B2A
A3EC
A3CD
936B
6206
6226
8309
832A
6226
6A47
6247
6A68
A3CD
A3AC
A3CC
A3EC
7287
7AC8
9BCD
59E6
8B4B
A3EC
A3CC
7AC9
6247
9B8C
9BAC
936B
A3ED
6A46
72A8
9BAC
A3ED
B4AF
D5B4
F6B8
BD32
832A
832A
9BCC
8B2A
8B2A
BD11
EE97
E656
D593
BCD0
CCF1
936B
72C8
A3ED
7288
936B
E5F4
9BED
7B4C
7B4D
51C5
7288
B48F
93CD
ADF9
8D58
B63B
BE5A
DF3C
CE9A
E73C
CE9A
D6FC
DF3C
CEDB
DF3D
DF3C
A534
CD52
EE56
EE57
EE58
E637
E637
E637
E637
E637
E637
EE37
EE37
E637
E637
EE37
EE78
C594
64AD
AE96
85D2
7DD1
AE97
7590
B6B7
7D92
442B
A657
75B1
A656
85D3
654F
B698
64AF
A616
8DDA
AE7B
9E1A
B65B
8599
A63B
8DB8
BEBC
CEDB
D6FB
8CF5
7CD7
5C36
9DDA
7CD8
95DA
53D5
8D39
6414
8D9A
6CB7
8D79
8518
74F8
53B4
7497
7497
53D4
74B6
9DD9
63F4
DF3D
E73C
E75C
BE9B
4B51
6AEA
936B
8B6B
A3CC
A3AC
A3AC
A3CC
8B6B
7B4A
A3EC
ABCD
8B2A
59E6
6247
8B4A
7AE9
6226
6A48
6207
7AEA
A3ED
A3AC
A3CC
9BAB
6205
72A8
9BED
6206
832A
A3ED
A3CC
7AE9
6267
A3CD
936B
832A
9BCC
6206
72E8
C511
E635
DE35
ACB0
8B8B
93AC
8B4B
934B
9B8B
936B
82E9
AC4F
EE77
E636
EE56
CD72
C4D0
A3ED
59E5
72A8
936B
6A47
A40D
AC2D
7B4B
AD55
62EB
51A5
AC6F
BCF1
94D3
9579
AE1A
A5B8
E73C
D69A
E71C
CEBA
D6FC
DEFC
CE9A
CEDB
CEBA
A4D1
DDF5
EE57
E637
E637
E637
EE37
EE37
EE37
EE37
EE37
E637
E637
E637
EE37
EE57
F678
B552
64EE
AE76
7D91
6D50
AE77
7D90
B697
85B3
54AD
9E36
7591
A656
85B3
5D0F
AE57
648F
A656
85BA
AE7B
9DFA
A63B
7518
A63B
8599
BEBB
BE79
BE79
8CD5
6435
4394
9DFB
7CD7
95BA
4374
8518
5BF4
95BA
6497
8D59
7D17
7CF8
53D4
7477
7497
53D4
6CB6
9DD9
6414
DF3D
E73C
E75C
C6BC
5BD2
7B2B
8B4A
9BCC
A3AC
A3AC
A3AC
A3AC
8BAC
9C90
938B
ABCD
8B2A
59E6
6247
8B6B
72A8
6227
6A48
6207
8B6B
A3CD
A3AC
A3CC
8B49
6226
6267
AC4E
6A68
830A
A3ED
A3CC
7AE9
6A68
A3CD
82C8
8B2A
BCB0
8B4B
BD11
EE97
CD93
A40D
6A67
6A47
9BED
936B
8B2A
934A
9BCC
82E8
938C
E615
E656
E656
E636
C511
C510
AC2E
72A8
830A
72A8
72A8
936B
7AE8
8C71
7CB5
41C7
7268
D5D5
840F
8D37
AE3A
ADD9
DF1C
CE9A
DF1C
CEBA
D6DB
D6FC
CE9A
CEFB
BE38
AC90
EE56
E657
E637
E637
E637
EE37
EE37
EE37
EE37
E637
EE37
EE37
EE37
E637
EE57
EE57
9D11
6D70
A676
7D92
6D30
AE77
7590
B697
7D92
54CE
A636
7592
A676
8593
5D0F
AE77
6CF1
A657
859A
A65B
95D9
A65B
7D59
A65C
8D99
C6BC
C6BA
CEDB
8D16
6415
4394
9DFA
74B7
95BA
4BB4
8D59
6C76
8D99
6C97
9599
7CF7
8539
74D8
7476
7497
53B4
6CB6
95B9
63F4
DF1D
E73C
E73C
C6DC
63D1
72A8
9BAC
A3AC
A3AC
A3AC
A3AC
9BAC
7AE9
AD53
9C2F
A3AC
934B
59E6
6247
938B
72A8
6227
6A47
6A67
9BCC
A3CC
A3AC
A3CC
7AE8
5A46
51C5
BCF1
93AC
6A68
9BCC
A3ED
832A
93AC
C4D1
C511
DDD4
F698
AC6F
9BEC
A42E
9BAC
8309
82EA
7288
A3ED
938B
834A
82E9
A3ED
8309
8B6B
D5B4
EE56
E636
EE57
DDF5
BCD0
C4F0
834A
832A
7AC9
6A48
9BAC
8B2A
838D
8D39
636E
4984
B470
ACD2
7494
AE7A
ADF9
DEFC
C69A
D71B
CEBA
CEBB
D6DB
C69A
CEFB
AD54
C4F1
EE77
E657
EE37
E637
E637
E637
EE37
E637
E637
E637
EE37
E637
E637
EE37
EE57
E616
8CD0
75D2
A677
7D92
6510
A656
6D4F
AE96
7571
5CCE
A636
7592
9E76
7D92
5D0F
AE57
544E
9DF5
8579
A65B
95D9
A65B
859A
AE5C
95DA
C6DC
C6BA
CEDB
8CF5
7497
5C36
9DFA
7CD8
95BA
6457
959A
7CD8
8D79
6C97
959A
8518
7CF8
5C36
7477
7497
53B3
74B7
95B9
63F4
DF1D
E73C
E73C
D6FD
532D
72C8
A3CC
A3AC
A3AC
A3AC
A3AC
9B6B
830A
940E
C617
8BAD
8B6B
5A06
6A88
93AC
7287
6247
6206
7AC8
A3CD
A3AC
A3CC
9BCC
6A87
5A26
6227
A44F
CD73
6A67
C511
C4D0
8B4B
D573
E616
D593
CD32
AC2E
8B6B
8309
9BAC
9BCC
7AA8
830B
7288
9BCC
936B
8B6B
832A
9BAC
8B4A
8B2A
C512
EE77
E636
E637
EE57
D593
A40D
72E8
93CC
936C
6A27
938C
832A
836A
84B5
A597
49A4
7AA9
B4B1
7432
AE5A
A598
DF1C
C6BA
D6FB
C69A
CEBB
D6DB
CEBA
C69A
9C70
DDD4
EE56
EE57
EE37
E637
E637
E637
EE37
EE37
EE37
E637
E637
EE37
EE37
EE37
EE58
D5B5
94F1
8E34
A697
95F4
8DF4
AE97
9614
B677
9DF5
8DB3
A616
9E35
AE77
AE76
A675
B678
9594
AE36
7D39
A63B
8D99
A63C
7539
A63B
8D79
C6DC
C6BA
CEDB
8CF5
6C76
4BD5
95DA
74B7
8D99
4394
7CD7
53D4
8559
6477
8518
7CD8
6CB7
4BB4
6C56
7457
4352
6C96
8D98
53B3
DF1D
E73C
E75C
C6BA
636C
93AB
9B6B
A3AC
A3CC
9B6B
938B
8B4A
938B
8B6B
7BAD
A554
836C
59E6
7288
93CC
7287
6227
59C5
8B4A
A3CD
A3AB
A3CC
9B6B
6267
5206
832A
8B8C
D5B4
838C
9BCD
8B4A
830A
9BAC
938C
7267
938C
8B4B
8B6B
8B4A
A3CD
938B
938C
830B
7AC9
9BCC
936B
8B4A
9BCC
9BAC
9BAC
8329
B4B0
EE77
E656
E637
EE57
E636
B46F
8329
8329
93AC
7289
8B4B
7AE9
8B6A
8471
CEFB
5A89
59E6
9BCC
8C2F
CEDB
C69A
D71B
D6DA
D6FB
D6DA
CEDA
D6DB
D71B
BE17
A44F
EE56
EE56
E637
EE37
E637
E637
EE37
E637
EE37
EE37
E637
E637
EE37
EE37
E637
EE78
BD53
B5D5
D71A
D6F9
D6FA
D71A
D6F9
D6FA
D6FA
D6FA
D71A
D6FA
D71A
D6FA
D6FA
DEFA
D6DA
D6FA
D6DA
6CD7
8D9A
7D18
959A
6CD8
959A
7D37
C6BB
CEBA
CEDB
8CF5
6C75
6C55
A5DA
8D58
A61A
7496
8517
7CD6
9DDA
8D58
8537
9DBA
9579
8D38
9579
9D99
8D17
9DB9
AE19
9D98
DF1C
DF1B
EF7D
B5B6
9C8F
8B6A
936B
A3CC
A3CC
8B29
938B
938B
9BED
A3EC
72E9
6BAD
AD95
6AEA
6A88
9BCC
7288
6226
5A06
938B
A3CC
A3AB
A3AC
8B09
5A46
5A26
9BCC
938C
9BED
A48F
7AE9
82E9
82E9
9BCD
82E9
7AA8
A40D
938B
8B6B
8B2A
A3ED
8B4A
B46F
82EA
7AE9
9BCC
936B
832A
AC4E
A40D
9BAC
936B
AC4E
EE77
EE57
E637
E637
EE57
CD32
7AE8
938B
8B4A
72A8
830A
72E9
8329
942E
E77C
840E
5A06
8B6A
8BCD
D699
DF1B
D6FA
D6FA
D6FA
D6FA
D6FA
D6FA
DF3B
AD32
C511
EE76
E637
E637
E637
E637
EE37
EE37
E637
EE37
E637
EE37
E637
EE37
E637
E637
EE77
ACF1
C657
DEDA
D6B9
D6D9
D6D9
D6D9
D6D9
D6DA
D6FA
D6FA
D6FA
D6FA
D6DA
D6DA
D6DA
CEDA
CED9
D6DA
BE9C
C69B
C6BC
CEBC
CEDD
CEDC
CEFD
D6FC
CE9A
CEFB
84D5
BE5A
E77D
DF3D
DF3D
DF3D
E75E
DF5D
E75D
E75D
E75D
E75D
E75D
E75D
E75D
E75D
E75D
E77D
E75C
E75C
E77D
DF1B
E75C
CE99
AD13
B490
8B6A
93AB
A3CC
9B8B
7AC8
938B
B4B0
AC4F
9B8B
A3CC
730A
7BEE
738D
6AA8
9BCC
7267
5A26
5A26
936B
9BAC
9BAC
B44E
8B4A
5205
72A8
A40D
A3CC
832A
93AC
72E9
8B2A
82E9
A3ED
7288
830A
A3ED
93AB
832A
8B4A
9B8C
936B
CD32
8B4B
8309
9BCC
8B4A
8329
BCF1
B48F
938B
9BAC
9BCC
E637
EE58
E637
E637
EE57
E636
A40D
6A66
8309
6A47
7ACA
72E9
7AE8
836B
C678
A513
732B
8B8B
8B6B
BDB6
DF1B
D6FA
D6DA
D6DA
D6DA
D6DA
D6FA
D6B9
9C6F
DDD4
E657
E637
E637
E637
E637
EE37
EE37
EE37
EE37
EE37
EE37
E637
EE37
EE37
EE37
E636
AD12
D6FA
DEDA
D6DA
D6D9
D6DA
D6FA
D6FA
D6DA
D6DA
D6FA
D6FA
D6FA
D6DA
D6DA
D6DA
CEDA
CED9
CEB9
EF5D
EF5D
EF5D
EF5D
E75D
E75D
E75D
DF1C
CE9A
CEFB
84D5
BE5A
DF5D
DF3C
DF3C
DF3C
DF3C
DF3C
DF1C
DF1C
DF1C
DF1C
DF1C
DF1C
DF1C
DF1C
DF1C
DF1B
DF3B
DF3B
DF3B
DF3B
E75C
BDB6
BD13
AC2E
8309
9BCB
A3CC
8B09
7AA8
9BAC
C532
AC0D
9B8B
9BAC
A3CC
8B6B
5A47
72A9
AC4F
82E9
59E5
6246
B490
D552
E5F5
EE56
836A
5205
834B
A3ED
9BCC
9BCC
8309
6AC8
830A
9B8C
9BAC
7267
938B
9BCC
936C
7AE9
9BAC
8B2A
AC4E
E5F5
A40D
8309
9BCC
8B2A
832A
CD73
C552
936B
938B
938B
DE16
EE58
E637
EE78
EE58
EE57
CD73
832A
6206
6207
7288
72E9
6A87
8B6A
AD94
BE17
8BEE
A4D0
832A
A4F2
DF5B
D6D9
D6FA
D6DA
D6DA
D6FA
DF3B
B595
A46F
EE56
E657
E637
E637
E637
E637
EE37
E637
E637
E637
E637
EE37
E637
E637
EE37
EE57
DDF5
AD53
DF1B
DEDA
D6FA
D6DA
D6DA
D6FA
D6DA
D6DA
D6DA
D6DA
D6FA
D6FA
D6FA
D6DA
D6DA
D6DA
CED9
D6DA
E73C
E73C
E73C
E73C
E73C
E73C
E73C
D6FC
CE9A
CEFB
84D5
BE5A
DF5D
DF1C
DF3C
DF1C
DF1C
DF1C
DF1C
DF1C
DF1C
DF1C
DF1C
DF1C
DF1C
DF3C
DF3C
DF1B
DF3B
DF1B
DF3C
E77C
AD33
9C2F
DDD6
CD53
93AC
A3CC
A3EC
72A7
830A
9BAC
BCF1
BCB0
A3AC
936B
A3CC
BCAF
8309
6A88
BD11
A40E
51A4
72C9
DDD4
D593
BCD0
AC4E
6287
6246
9BAC
A3CD
A3AC
A3ED
8309
72A8
7B0A
A3CD
8B2A
7288
A3ED
938B
832B
7AC9
9B8C
832A
CD73
EE56
9BED
832A
9BCC
8B4A
8B4A
D5B4
DDF5
93AC
936B
936B
DE15
EE58
F698
CD53
B4B1
E637
DDD4
BCF0
7AE9
5A06
6A68
72C8
6226
8329
8C2E
CEB9
8C50
CE36
8329
9C4F
DF3B
D6F9
D6FA
D6FA
D6FA
D6FA
DF1B
9C90
CD72
EE77
E657
E637
EE37
EE37
EE37
E637
EE37
E637
EE37
E637
E637
EE37
E637
E637
EE58
CD94
BDF5
DF3B
DEFA
DEFA
DEFA
DEFA
DF1A
DF1A
DF1B
DF1B
DF1B
DF1B
DF3B
DF3B
DF3B
DF1B
DF1B
DF1B
DF1B
E73C
E73C
E73C
E73C
E73C
E71C
E71C
DEFC
CE9A
CEFB
84D5
BE5A
E75D
DF1C
DF3C
DF3C
DF1C
DF1C
DF1C
DF1C
DF3C
DF1C
DF1C
DF3C
DF3C
DF3C
DF3C
DF1B
DF1B
DF3B
E77C
9CF2
6AC9
834A
CD73
BCD1
DDD5
E616
BCF1
6246
830A
936B
C532
DDD4
9B8B
BCB0
D573
D572
8B4A
72C9
9BED
7AE9
59E6
6A87
9BCC
9B8B
9B8B
8B6B
6246
7288
A3CD
A3CC
A3CD
938B
832A
8B6B
72C8
832A
7AC9
82E9
A3ED
938C
72A9
8B4A
82E9
AC6F
EE56
EE77
A40D
832A
9BCC
8B6A
8B6A
DDD4
EE56
938B
936B
8B2A
DDF5
EE98
A44F
A44F
DDF6
EE58
E636
C4F0
72A8
51C5
6247
72E9
6226
834A
7B2A
D6DA
B5D5
EF7B
9C0D
93CD
E75B
DF5B
DF3B
DF5B
E75C
E77C
D6DA
A46F
E636
E657
E637
E637
EE37
EE37
EE37
E637
E637
E637
E637
E637
E637
EE37
E637
E657
EE77
C573
C637
CEB9
CE78
CE78
C658
BE37
BE17
BE17
BDF6
B5D5
B5B5
AD95
AD74
A554
A554
A513
9CF2
9CF2
94D2
EF7D
EF7D
EF7D
EF7D
EF7D
EF7D
EF7E
DEFC
BE18
BE39
7473
C6BC
EFBE
EF9E
EF9E
EF9E
EF9E
EF9E
EF9E
EF9E
EF9E
EF9E
EF9E
EF9D
EF9D
EF7D
EF7D
EF7D
EF9D
E77D
9CD2
7B6C
9BED
93AC
8B8B
7AE9
B4B1
CD74
8B8C
5A05
8B2A
93AC
C532
D5D4
A44E
D5D4
EE56
D593
936A
72C8
A3ED
830A
59E6
7288
A3CD
A3AC
A3CD
938B
5A05
830A
A3CD
A3ED
8B4A
8309
834A
9BCC
B48F
6A67
6226
936B
A40D
82EA
7268
936B
9BCC
E636
EE57
EE78
AC4E
8B4A
938B
8B6B
938B
E616
EE77
A3ED
8B4A
832A
D5D4
8B8B
A44F
EE99
EE58
E637
EE57
D5B3
8B2A
51C4
5A06
7309
72C9
7AE9
836B
94B0
8CB1
AD53
8BED
834B
94B1
94D1
8C90
844F
844F
8C6F
738C
BCF1
EE77
E637
E637
E637
EE37
EE37
EE37
EE37
E637
E637
E637
E637
E637
EE37
E637
E637
EE98
9C0E
5A47
5A67
5A47
5247
5247
5246
4A26
5226
5225
5A66
5A66
5A67
5A67
5A67
5A66
5247
5247
4A27
5248
AD54
A554
A554
AD54
AD54
A554
A534
CE58
D6BA
D6DB
7C94
8493
9D12
94F1
94D1
94D0
8CB0
8C90
8C8F
846F
846F
844F
844F
7C2E
7C0E
7C0E
7C0D
7C2E
7C0E
7BED
5AA8
6AC9
93CC
A3ED
7AC8
72C8
9BCC
938B
6246
6246
9BCC
938B
A44E
DE36
93EC
9BCC
C511
C4F0
93AB
7AC9
9BCD
8B4B
51C5
7288
ABCD
A3AC
ABCC
8B4A
5A05
936B
A3CC
9B8B
8309
938B
832A
B48E
C511
7AE9
6247
82E9
7AC8
59C5
8309
A3CD
E615
F698
EE78
F6D9
ACAF
6A46
8309
8B6A
AC4F
EE78
EE98
B4B0
8B4A
72A9
6A88
9C0E
F6B9
E637
E637
E637
EE58
E615
AC4E
6226
5A06
6AC8
93CC
6A67
93AC
5A46
5225
6AC7
72E7
7AE9
6246
6287
6286
5A44
5A04
51E4
6A87
E616
EE57
E637
E637
E637
EE37
EE37
EE37
EE37
E637
E637
E637
E637
E637
EE37
E637
E658
EE78
8B6B
7265
7A86
82A7
8AC8
8AE7
8AE8
7A86
6224
6224
6A65
7285
6A65
6A46
6266
6246
6A67
7B0B
7AEA
834B
83AC
83AB
83CB
8BEC
8C0C
8C0C
83EC
BE16
D6BA
D6DB
8494
632B
7B89
7B89
7348
7328
6B28
7328
7328
7328
7328
7328
7328
7328
7328
8369
7B49
5225
4A04
62A7
7B6A
62A8
9BCC
9B8C
51A4
8B4A
A40D
832A
5A05
8329
A40D
832A
9BEC
BD31
7AE8
93AB
8B2A
9BAB
9BEC
8329
93AC
938C
59E5
72A8
ABEC
A3AB
ABCC
8309
6226
9BCC
A3AC
8B0A
A44E
8B6B
9BED
CD31
BCB0
72A8
832A
832A
7AE9
72A8
7287
AC4E
CD73
CD52
C511
A46E
72C8
72C8
9BCC
8B4A
C532
EE78
EE78
CD52
832A
3922
7B2B
EE99
EE38
E637
E637
E637
E657
EE57
C511
6226
51C5
51E5
93ED
7AE9
7B0A
72C8
6224
7AE6
7AC6
7286
6A65
7285
72A5
6A64
72A9
83EE
A44F
EE77
E637
E637
E637
E637
EE37
EE37
EE37
E637
E637
E637
E637
E637
E637
EE37
E637
EE58
DDF6
72A7
7AA5
82A6
8AE7
8AE7
8B08
8AE7
7A85
6A44
6A64
6A85
7285
7266
6A66
6246
6246
6267
6AA8
6A88
72C9
C550
BD30
BD2F
C550
C550
C570
BD2F
CE78
CEBB
D6DB
8474
83ED
A46C
A44D
93EC
93CB
93CB
B4AE
BCEF
BCCE
B4CE
BCCE
BCEE
BCEE
B48E
A44D
8349
5A04
6286
836A
7B4A
834A
A3ED
72A8
51E5
93AC
9BEC
7287
6246
9BCC
A3EC
8309
7B09
9BED
832A
9BCC
8309
938B
A3EC
8B4A
8B6B
A3ED
6226
72A8
A3EC
A3AB
A3CC
72C8
7287
A40D
936B
AC4E
9C0D
8B8B
BCCF
DDB3
AC4E
7AC9
A3CD
9BCC
6206
8B8C
AC70
93AC
8B4B
834B
93CD
B4F1
9C0E
93AB
938B
8B4A
E636
EE57
EE57
D5B4
6A67
5A26
DE36
EE78
E637
E637
E637
EE37
E657
E657
DDF4
A3ED
51E6
3142
7309
93CC
72E9
7B29
6A86
6A85
72A5
6223
6A64
6A84
6A64
6AA8
B576
7BEF
C533
EE57
E637
E637
E637
E637
EE37
EE37
EE37
E637
E637
EE37
EE37
EE37
E637
EE37
E637
EE98
C533
4982
6202
6222
6222
6202
6202
59E2
6A24
7285
6A44
6224
6A44
6A45
6A46
6246
6246
6AC8
5A26
4984
49C4
ACAE
B4CE
B4CE
ACAD
AC8D
AC8D
A46D
C637
CEDB
D6DB
8473
8BCC
A48C
A44C
9C0B
9BEB
9BEB
93CB
8B69
8328
8B69
8B69
8328
8348
8308
7AE8
8B8A
93AA
93CB
9BCB
836A
9BEC
8B4A
6266
7309
9BED
8B6B
5A05
832A
9BEC
A3EC
7287
8309
9C0D
8B6B
9BCC
82E9
936A
A3EC
938B
8B4A
A3ED
6A88
72A8
A3CC
A3AC
A3CC
6A87
8309
938C
AC2E
A40D
832A
B48F
CD31
EE35
A40D
938C
A3CC
82E9
8B6B
DE36
EEB8
E657
DE37
DE36
E678
EEB9
93AD
93AB
82E9
AC6F
F698
E656
F698
ACAF
5A26
BD33
E657
D5B4
E616
EE57
F698
E657
EE77
E657
E636
CD52
5A26
4A06
93ED
8B8B
8B6B
834A
72C7
6265
6A85
59C3
7AC6
7AC6
6A45
B594
C659
7B6D
E616
EE57
E637
E637
E637
E637
EE37
EE37
EE37
E637
E637
EE37
EE37
EE37
E637
E637
E637
F699
9C0E
4962
59E2
6202
5A02
59E2
51C1
51A1
6A44
7AC6
6A45
6A44
6A45
6A45
6245
6246
6246
7309
6267
49A4
49C4
93CB
9C2C
A44D
93EB
8BAA
93EB
9C2C
C5F6
CEDB
D6DB
8473
93EC
AC8C
B48D
B4AD
B4CD
BCCE
A42C
72C7
7AC7
8328
8329
7B08
8308
8349
8329
9BEB
B4AE
BCAE
A42B
8B8A
A3ED
6A67
838A
834A
A40D
72A8
5A06
9BCC
A3EC
93AB
6A46
93CC
9BED
832A
9BCC
8309
8309
A3EC
9BAB
8309
A3ED
6A88
6A67
ABEC
A3AC
A3CC
6A87
8B4A
9BCC
A40D
830A
B46E
C4F0
E5F5
E615
8B2A
9BCC
936B
9BED
EEB8
E678
E657
E677
E677
EE77
E677
DE16
8B6B
9BAB
938C
E616
EE57
EE77
E636
5A25
5A27
AC70
AC4F
CD73
F6B8
D5D5
ACB0
ACD1
CD74
DE16
EE57
DDF4
49E5
83CD
CDD4
8B8B
836B
8B6B
8329
72A7
6266
6205
82C7
7A86
7B2A
F7DE
A534
9C0E
F657
EE57
E637
E637
E637
E637
EE37
EE37
EE37
EE37
EE37
E637
E637
EE37
E637
EE37
E637
EE78
7AE9
51C2
6223
6A43
6243
6223
5A02
59E2
6203
6A44
6224
6224
6224
6225
6225
6246
6246
6AA7
6A88
5A27
5A46
9C0C
A46D
AC8E
9C2D
93EC
9C2C
9C2C
C616
CEDB
D6DB
8473
940D
AC8C
AC6C
AC6C
AC8D
B48D
9C0B
7AE7
8328
8B8A
93AB
8B69
8329
8329
8308
93AA
AC6D
B48D
93AA
9BCB
8B2A
72A7
93EB
7B29
9BCC
5A06
832B
A3CC
A3EC
7AE8
7AC8
A42E
834A
6226
9BCC
8B4A
7AC8
A3EC
9BCC
8309
A3CC
72C9
6246
ABEC
A3AC
9BAC
6A87
938B
9BCC
7AC8
AC4E
C4D0
CD72
EE98
AC4E
8B4A
A3ED
8B4A
C533
F6FA
E678
E657
E657
E657
E657
EE98
B4D1
832B
936A
B490
F698
EE37
F698
A44E
6288
6268
BCF2
E617
CDB5
734C
18C2
0881
3184
732B
BD12
EE57
E636
6AA8
838C
BD32
AC8F
834A
8B6B
938C
6A87
5A04
7286
7A85
6203
A512
FFFF
B5B5
C512
F657
E637
E637
E637
E637
E637
EE37
EE37
EE37
E637
E637
EE37
E637
EE37
E637
EE37
EE58
DDF6
6245
6223
6A43
6A43
6A43
6A44
6A44
6A44
7265
5162
4962
51C3
5A03
59E3
59E4
59E4
59E4
51E4
6246
6246
6246
C551
C551
C571
C551
C551
C571
BD30
CE57
CEBA
D6DB
8473
8C0C
A44C
A40B
93CA
9BEB
9BEB
A40B
A42B
9BEA
9C0B
A42B
9BEB
9BCA
9BEA
9BCA
93AA
8348
8348
8B69
A3ED
6A47
7B08
8349
7B09
8309
7AC9
A3ED
A3AC
9BAC
6A67
93CC
9BCC
6A68
59E5
93AC
938B
72A7
9BCC
9BEC
8B6A
936B
8B2A
6A67
A3EC
A3CC
936B
6267
838B
7AE9
AC4E
AC4E
9BCD
AC90
7B0A
51E5
5A06
832A
6A47
A40E
C553
D5B5
E657
F6B8
EE57
EE77
DE16
8B6B
7AEA
8B4A
CD53
EE98
EE57
EE57
BD11
8B8C
8BAD
DE16
732B
0881
0000
10C2
2964
5AA9
A491
CD94
EE16
EE77
7B4B
8BCD
B4D1
AC8F
8B8B
830A
A3CD
82EA
6A65
7AC6
7284
5A04
D6B9
F7BF
C616
D573
EE57
E637
E637
E637
E637
E637
EE37
EE37
E637
E637
EE37
EE37
EE37
E637
E637
E637
F699
BCD1
61E3
7264
6A64
6A64
6A64
7264
7265
7285
82E8
5182
5162
51A2
59E3
51E2
51C2
51C2
51E3
51C3
6245
6246
6266
CDB2
CDB2
CD92
C571
C551
CD51
C571
CE77
CEDA
D6DB
8473
8BEC
A42C
9C0B
93AA
8B89
9BCA
AC8D
AC8D
AC6C
AC6C
AC8D
AC6C
B48D
B46C
B48D
9BEB
6264
6A85
938A
9B8C
59C4
7307
6AA6
7288
8309
9BCC
9BCC
A3ED
7AC8
832A
9BED
6A67
6227
59E5
8B4A
93CC
6A67
93AB
9BCC
93AB
8B2A
938B
6A67
A3ED
A3ED
7AE9
49C5
6AA8
AC6F
C511
CD32
D5D5
93CD
A42F
C513
830A
8B4B
7B0A
7B0A
51E5
5226
72C9
AC70
E637
F6B9
9C0E
93AD
9C0E
8B8C
E657
E657
EE77
C553
D5B4
9BED
B4F2
49E6
1060
3185
734C
BD53
DDF5
E5F6
DDD5
E616
E5D6
EE37
83AC
ACB0
EE78
CD73
8B8B
7AE9
8B4B
A40D
72A7
7285
6243
62A8
E71C
EF9E
CE78
D5B4
EE57
E637
EE37
EE37
E637
E637
EE37
EE37
EE37
E637
EE37
E637
EE37
EE37
E637
E637
F699
8B6B
61E3
7244
6A44
6A44
6A24
6A24
6A24
6A24
7265
5182
51C3
5A03
5A04
5A04
5A04
5A04
5A04
5A04
6266
6246
6246
BD30
BD51
BD31
BD30
BD10
BD0F
BCEF
CE57
CEDA
D6FC
8493
8BCC
AC2C
9BCB
9389
93AA
93AA
A42C
A42B
A42B
A42B
A44C
A44C
A44B
A42B
A44C
9BEA
7B07
7B08
9BED
7288
5A05
8389
7308
6226
9BCC
9BED
9BCD
82E9
82E9
93CC
6A47
59E5
6247
59E5
7AE9
9C0D
6A67
8B4A
9BCC
9BAB
82E9
936B
7AE9
9BED
A3ED
6A87
5226
AC8F
C510
C4D0
BD11
A42E
BD12
F6D9
D595
8B4B
72A9
A44F
BCD1
830A
6A88
6A88
51E5
6288
940E
93AD
E637
9C0E
AC70
EE98
E657
E657
B4D1
D5B4
C532
49E6
5227
C552
DDF5
EE78
E5F5
E5D5
E5B4
DD94
DD94
E5B5
E5F6
A44F
832A
BD11
DE15
72E9
8B6B
6A47
9BCD
9BCC
6A65
51E3
A513
D6DB
EF9E
DEDA
CD94
EE57
EE37
EE37
EE37
E637
EE37
EE37
EE37
EE37
EE37
E637
EE37
E637
EE37
E637
EE57
E616
6A46
59C2
6A03
6A23
6A24
6A23
6223
6223
6203
6203
6A44
6A44
6A44
6244
6245
6A65
6246
6A46
6A66
6A87
59E4
51C4
9C0C
A46D
AC8E
ACAF
B4CE
B4CE
A44D
C5F6
D6FB
DEFC
8493
93ED
AC4C
A42B
A42B
A42B
9BEA
93CA
8B89
8369
93AA
9BCA
8348
7B28
8348
8348
8B69
A42C
93AB
93CC
6205
6266
A44C
8B8A
8B4A
9BED
93AC
7AE9
6A67
8B6B
6246
5A05
6247
6247
5A06
72A8
A40D
7288
7AE9
9BEC
938B
8B4A
8B4A
82E9
936B
6A87
6A87
8B8B
C510
BCCF
D593
EE35
F6B8
F6D8
E636
93CD
72A9
836B
C573
ACB0
B46F
A40E
C4D1
BD11
730A
838C
E677
E657
8B8C
DDF6
EE57
E657
E637
CD94
EE76
C573
730A
DDF5
F677
EE16
E5D5
DDB4
DD94
DD73
DD53
DD73
DD94
E5D5
B490
93AC
B4B0
DDF5
6AA8
8B8B
6A47
7AC9
AC0E
72A8
7B4C
DF1C
CE59
EF7D
E71B
BD74
E657
EE37
EE37
EE37
EE37
E637
EE37
EE37
EE37
EE37
E637
EE37
E637
EE37
E637
EE78
BCF1
59E3
61E2
6A03
7223
6A43
6A23
6A23
6223
6202
6A23
7264
6A64
6A23
6A24
6224
6224
6224
6205
6225
6A66
51E4
49C4
9C2C
A46D
AC8E
A46D
A44D
AC8E
A42D
C5F6
D6FB
DF1C
8CB3
942D
AC4C
AC4C
AC4B
AC4B
AC6C
9BCA
8328
8348
9389
9BCA
8328
7B07
7B07
8328
8328
A40C
9BEC
8B6B
72C8
6A66
93CB
8B6A
9BCC
9BCC
938B
7B0A
72E9
6247
6A67
5A06
6247
6247
6247
6A67
A3ED
7AE9
6A87
A3EC
936A
93AB
8B6B
6A68
6246
6AA8
9BED
938C
BCF0
BCF0
E635
D5D4
93ED
49E6
3144
20E2
18C2
2124
1082
2103
8BEE
BD11
BCAF
AC4E
B48F
E636
EE98
C553
B4D1
EE98
E657
E637
E657
E657
E656
DDF5
DDD5
EE56
E616
E5F6
E5B5
DD94
DD73
DD53
D512
D512
D532
E5D5
B490
938B
B4D0
DDF6
6A87
832A
7AE9
59E5
8B4B
936B
9C50
EF5D
CE79
EF7D
EF7D
C5D6
DE16
EE37
EE37
EE37
E637
E637
EE37
EE37
EE37
E637
EE37
EE37
EE37
E637
E637
F698
8BAC
5204
6244
6A45
6A65
6A85
6A85
6265
6A65
6265
6A65
6286
5A46
6267
6287
6287
6287
62A7
62C8
6AE9
732A
732B
6B0A
B530
B531
B551
B510
ACF0
B551
AD11
D678
E73C
E73C
A556
ACF1
BD10
B4CE
ACAE
A48D
A46D
9C4C
940B
940C
9C2C
9C4D
9C2C
940C
940C
8BCB
93EB
9C0C
8B8B
8BAB
8BEC
5A26
834A
9BCC
9BCC
A3EC
832A
6247
5A06
6267
6A67
5A06
6246
6247
6247
6A47
9BCC
8B4B
5A47
93AB
8B4A
6AA8
5A46
6267
838C
6A88
93AC
938B
C531
B48F
6AE9
18A1
0820
18A1
2923
5227
2923
39E7
94D3
424A
2965
8BED
CD73
CD32
D573
E637
E637
C553
E657
E637
E657
E657
E637
E657
E637
E637
EE57
E616
E5F6
E5D5
DDB4
DD74
DD73
DD53
D532
D512
DD53
E5D4
C532
93CD
B4B0
CD94
5A27
72A8
936B
51E5
6246
8B2A
72C9
AD13
E73C
E75D
EF7D
CE58
D5D5
EE57
E637
EE37
E637
E637
E657
E637
E637
E637
E637
E637
E637
E637
EE57
E5F5
9C4F
A532
AD73
7C0E
9CF2
AD74
AD94
B594
B5B4
B5B4
B5D5
BE16
8450
94F3
BE38
B617
BE17
BE17
BE38
BE37
BE37
BE38
A555
EF7C
EF5C
EF5C
EF3B
E6FA
EF5C
EF5C
F79E
F7BE
F7BE
E75D
E71B
DEF9
DED9
DEB9
C637
D678
D6B9
D6B9
D6B9
D6B9
D6B8
D6D9
D6B8
DEFA
B5F6
CE99
BDF5
830A
C5F5
CE57
49C6
8B6B
9BEC
9BCC
938B
6A47
6247
5A06
6A88
6A67
5A06
6247
6247
6247
6227
936B
9BAC
6247
6A87
72C9
5A06
7B2A
7AE9
7B4A
6AA8
8B4A
9BCC
D552
8BAC
1081
1080
3984
3984
3964
6AE9
41A4
2102
C638
EF9F
8C31
7B4C
CD94
EE57
EE57
E657
E636
E637
E657
E637
E657
E657
E637
EE57
E637
E636
E636
E616
E5F6
E5D5
E5B4
DD94
DD73
DD53
DD73
DD73
DD94
E5D5
B4D1
7B2A
C552
BCF2
59E6
6A47
936B
7B0A
5A67
6226
7AA8
7B4B
C617
EF9D
EF7D
E71B
BD54
EE57
E657
E637
EE37
E637
E637
E637
E637
E637
E637
E638
E637
EE37
EE77
C532
AD52
CED9
CEB8
9512
BE17
CE79
C658
C658
C657
C657
C657
C678
A574
AD75
C638
BE38
C658
BE38
BE38
BE38
BE38
BE38
ADB6
FFFF
FFFF
FFFF
FFFF
FFFF
FFFF
FFFF
FFFF
FFFF
FFFF
FFFF
EF9D
E71A
DEFA
DEFA
C638
D6BA
D6DA
D6DA
D6DA
D6DA
D6D9
D6D9
D6D9
D6FA
B5F7
CE9A
B574
93CC
D6B9
83EE
5A07
832A
A40D
93AB
6A67
6A47
5A06
6A88
6A88
6267
5A06
6247
6226
6247
6247
82E9
A3ED
6A68
6247
9C0E
8B6B
832A
72C8
7B2A
730A
7AC8
AC2E
A44E
10A1
1923
3185
4164
3102
2902
B574
4A06
18A0
8430
FFFF
EF7E
D678
E677
E657
E657
E657
E657
E657
E637
E637
E637
E637
E637
E637
E637
E636
E636
E616
E5F6
E5F5
E5D5
DDB4
DD94
DD94
DD94
DD94
DDB4
E5F5
C512
93CD
E636
93AD
61E7
6A27
82E9
9C2E
B594
730A
6A87
7B09
942F
D699
FFDE
F7DE
C5D6
D5F5
EE57
E637
EE37
E637
E637
E637
E637
E637
E637
E637
E637
E637
EE77
B4B0
B5B4
C698
C698
9512
B5D6
C658
C657
BE57
BE37
BE37
BE57
BE77
ADB5
ADB6
C637
BE38
BE58
BE38
BE38
BE38
BE38
BE38
B5D7
FFFF
FFFF
FFFF
FFFF
F79E
F79E
F79D
F79D
F7BE
FFFF
FFFF
F79E
E71B
DEFA
DEFA
C637
D6B9
D6DA
D6DA
D6D9
D6DA
D6D9
D6B9
D6BA
D6DA
B5F6
D6DA
AD33
8BCC
7BCD
830A
7AC9
72A8
9BAC
6226
6226
6227
6227
7B0A
6247
6A67
5226
6247
6227
6227
7289
6A67
A3CC
830A
4984
7AE9
9BEE
72A8
8349
7B2A
836B
6246
AC6E
6288
0000
8471
5AEA
3903
3964
18A0
18A1
2902
4A05
52A9
F7DF
EF7D
E6FA
E636
E637
E637
E637
E637
E637
E637
E637
E637
E637
E637
EE37
E637
E637
E636
E616
E616
E5F5
E5D5
E5B5
DDB4
DDB4
DDB4
DDD4
DDD5
EE36
C4F1
A470
DE16
6227
6A28
6A27
7AA8
8BAC
B5B5
DEDA
C617
942E
834A
7B2A
9C90
C637
E71B
BD54
EE77
E637
EE37
E637
E637
E637
E637
E637
E637
E638
E637
EE57
E636
A44E
BE16
C677
C698
9512
B5D6
C657
C657
BE37
BE37
BE57
BE36
BE57
A5B5
ADB5
C658
BE37
BE37
BE37
BE37
BE37
BE37
BE38
ADB7
F7BE
F7BE
EF9E
EF7D
DEDB
E73C
E71C
E71B
EF7D
FFFF
FFFF
FFDF
EF5D
DEFB
DEFA
C637
D6B9
D6DA
D6BA
D6DA
CE98
CE78
DEFA
DF1B
E73B
BE17
BDD6
83EE
6AEA
730A
9BCC
938B
6226
59E6
51C4
6246
59E6
7B0A
72C9
6247
6267
5A26
5A46
6246
6227
82EA
6227
8B2A
938C
51E6
59E5
9C0D
7B09
7AE8
834A
8B8C
6246
B4AF
2943
1124
CEDB
9D12
20E1
6AEA
18A1
18A1
20A1
5A47
5AA9
F7BE
EF7D
E6D9
E636
E657
E637
E637
E637
E637
E637
E637
E637
E637
E637
EE37
E637
E637
E637
E636
E616
E616
E5F6
E5F5
E5F5
E5D5
E5F5
E5F5
E5F5
EE56
C4F2
C574
A44F
59C6
6A48
6A47
7267
938C
6B2C
C679
DF1C
E75C
D6BA
BD95
ACF2
D699
F79E
C5F7
D5B5
EE58
EE37
E637
E657
E657
E657
E637
E637
E637
E637
EE58
D594
ACF1
C678
C657
CE78
9512
B5F6
C678
C657
C657
C657
C637
BE37
BE57
A5B5
A595
C637
BE37
BE37
BE37
BE37
BE37
BE37
BE37
B5D6
E75C
E75C
E75C
E73C
DEDB
DEFB
DF1B
DEFB
E73C
FFDF
FFFF
FFFF
F7BE
E71B
DEFA
C617
D6B9
D6D9
D6B9
D6DA
CE98
B5B5
AD74
9CF2
9CD2
840F
83ED
6B2A
83AC
A40D
9BAC
7AA8
4143
6289
942E
5226
6247
8B8B
6A67
6A47
6A67
5A26
5A06
6A67
6A47
830B
6A88
6A26
9BAC
6A67
49A4
7B0A
93CC
6A87
8329
8B6B
72E9
838B
18C1
08A2
BE59
EF9E
39C6
62CA
6B0A
20A1
41A5
72EA
6B2C
F7DF
EF5C
E677
E636
E637
E637
E637
EE37
E637
E657
E657
E657
E637
EE58
EE57
E637
E637
E636
E636
E636
E616
E616
E616
E616
E616
E616
E615
E616
EE57
C533
AC91
72A9
5A07
6227
6A48
6A47
93AC
4A07
94B3
B5D8
B5B7
EF7D
F7BE
D699
EF5C
EF5C
EF5C
B513
E617
EE57
E637
E657
E657
E657
E637
E637
E638
E637
EE58
BCF1
B573
CE78
C637
CE78
94F2
B5F6
CE78
C657
C657
C657
C657
C657
C677
ADB5
A595
C638
C637
C637
BE37
BE37
BE37
BE37
C637
B5D6
E79D
E75C
E73C
E73C
DEFB
E71B
DEFB
CE79
D69A
EF3D
FFFF
FFFF
F7BE
E71B
DEFA
C617
D6B8
D6D9
D6DA
D6DA
DED9
D6D9
CE78
C617
CE58
B5B5
B594
8BEE
8B6B
82E9
51A4
6247
944F
9D12
CE98
49A5
834A
834A
6A26
6A47
6A67
5A26
51E5
6A88
7AC9
830B
72C9
59E6
82E9
7AC9
836C
836B
93CC
6A87
7AE8
8B8B
832B
93EC
A46F
2903
5AEB
F7BF
C658
C617
FFBD
ACF2
C554
7B4B
8C50
FFDE
E678
E616
E637
E637
E637
E637
EE37
E637
E657
E657
E637
EE58
CD74
DDF6
EE58
E637
E637
E636
E636
E636
E636
E616
E617
E617
E636
E636
E616
EE78
C512
51C6
6227
6227
5A07
6A68
6226
8329
7BAC
D6BC
C69B
9CF5
CEBA
F79E
CE79
D6BA
EF7D
EF9D
CE99
ACD2
EE78
E637
E637
E657
E657
E637
E637
E637
EE37
E637
A46F
AD95
CE78
C657
CE98
94F2
B5F6
CE78
C657
C657
C677
C677
C657
CE77
B5D6
A595
C658
C637
C637
C637
C638
C638
C638
C658
B5D6
9DD5
B698
D71B
DEFB
DEFB
DEFB
DEFB
BDF7
BDD7
D6BA
F7DF
FFFF
F7DE
E73B
DEDA
BE17
D699
D6DA
D699
D699
DEFA
DEDA
CE78
C617
AD33
942F
834B
834B
834B
7B8C
9CF2
CE99
EF9D
B637
7BCE
59E6
9BEC
7AC8
6A27
6A48
6A68
6247
51E5
6267
832A
834A
7AEA
6227
93CC
7AE9
93CD
DE16
8B8B
7AE9
6A67
8B8B
832A
AC6F
E5D4
CD73
940E
BDB6
FFDF
FFFF
AD75
83EE
A490
5226
CE37
E6B9
E616
E636
E636
E637
E637
E637
EE37
E637
E637
E657
E637
EE78
CD74
B490
E636
EE57
E637
E637
E637
E637
E637
E636
E636
E636
E636
E637
E636
F678
BCF2
51C5
6227
5A27
41C6
6227
6227
7AE8
8C0D
E75D
D6FC
9D15
CEBA
EF7D
E73C
BDF7
EF5D
E75C
EF9D
BDF7
BD53
EE78
E657
E637
E657
E637
E637
E637
EE57
D593
9CB1
9D55
C616
C677
CE98
9512
B616
CE78
C657
C657
C657
C657
C657
C657
B5D6
AD95
C658
BE37
BE37
C638
C638
C637
C638
C658
B5D7
1A04
3B09
646F
95B4
CEFA
D6FB
D6DA
CE79
D6BB
E73D
FFDF
FFFF
F7DE
E73B
DEDA
BE17
D6B9
D6DA
CE99
B5B5
BDD6
AD54
738D
6AEA
7B0A
836B
AD12
83CD
C637
E75C
E77C
DF3B
DF1B
DF3B
4A07
7AC9
9BCC
7267
6A47
6A48
6268
6267
51E5
5A26
8B6B
8B4A
832B
6227
AC6F
938B
6A47
9C0E
9C0E
832A
59E6
832A
8B6B
9BED
F676
EE56
EE57
DDF5
E678
F75C
BE17
39C5
2080
7B6B
D616
DDF5
E616
E616
E636
E636
E637
E637
EE37
E637
E637
E637
E637
E637
FEDA
AC4F
BCF1
EE78
E637
E637
E657
E657
E636
E636
E636
E636
E657
E657
E657
F698
B4B1
59C6
6227
4A07
3229
4A07
6247
72C8
8BAB
D69A
DF3D
9D15
CEBA
EF7D
F79D
C617
D699
EF7D
E75C
EF9D
B574
CDB4
EE78
E637
E657
E637
E637
EE57
E636
AC8F
A535
A5B7
AD54
CE98
CEB9
9512
B616
C677
C657
C657
C657
C657
C637
C657
B5D6
A575
C658
BE57
BE37
BE37
BE37
BE37
BE37
C638
B5D6
0121
00C2
0143
2A87
436A
9D73
DF3C
D6DA
DEFC
EF7D
FFFF
FFFF
F7DE
E73C
DEFA
C637
D6B9
D6BA
D6DA
D6BA
CE38
BDD6
B595
BD74
C5D6
B595
DEFA
9490
CE58
E71B
DF1A
D71A
E79D
A574
4185
9BAC
936B
6A47
6227
6A47
6A48
6268
51E5
51C5
8B4B
9B8B
8B4B
59C5
9BED
BCD0
59E6
9C4F
C553
832A
6247
6267
834A
832A
DDD4
E636
E636
E615
E5B4
E5D5
D5B5
93CD
9C2F
CD94
E5D5
E5D5
E5F5
E615
E616
E636
E637
E637
E637
E637
E637
E637
E637
E637
EE98
A44F
BD11
EE78
E637
E637
E637
E637
E657
E657
E637
E657
E657
E657
E637
F699
A42F
51E5
6247
39E7
32AC
3A08
5A06
72C8
8B8B
C637
EF5E
9D15
CEBA
EF7D
EF5D
E71C
B595
EF5D
E75C
EF7D
E73C
A4D1
DDF6
EE78
E677
E677
E657
E636
CD52
A430
B5B8
B61A
9D13
C677
C698
8CD1
B615
C677
BE77
C677
C657
C657
C657
C677
B5F6
A575
C678
C678
C658
C658
C658
C658
C658
C678
BDF7
2245
11A4
0943
0102
0142
19A4
63AD
CEDA
BE38
D6FB
FFFF
FFFF
EF7C
E73C
E73B
CE79
DEFA
DEFB
DEDA
DEDA
DEDA
DEFB
DF3B
E73B
DF3B
BE17
CEDA
AD74
C637
E73B
DEFA
DF3C
D71B
4A89
6A67
A3ED
8B2A
6226
5A26
6A48
6A47
6268
51E5
51A4
834B
A3CC
936B
6206
7288
EE77
A42E
6288
AC6F
A40D
7AC9
6247
7AE9
72A9
BCD1
E657
EE77
E5F5
E574
DD73
DD73
E5B5
E5B5
E594
DD94
DDB4
E5F5
E5F5
E616
E616
E636
E637
E657
E657
E637
EE37
EE37
EE37
EE57
DDF6
E636
E657
E657
E637
EE37
EE37
EE37
E637
E657
E637
E637
E637
E657
EE78
8B6B
5A06
6246
39E7
3ACC
3A8B
5206
7287
8B8B
C617
EF7F
9D15
D6BB
EF7D
EF5C
EF7D
CE58
CE58
EF7D
E75C
EF7D
D6DA
9C4F
CD73
D5B4
D5B3
CD73
CCF0
BC8F
9451
B61A
BE3A
9D35
AD95
D71A
9D53
BE78
CEB9
CEB9
C6B9
CEB9
CE99
CE99
CEB9
B616
ADB5
CEB9
C698
BE78
BE58
BE58
BE37
BE17
BE17
ADB6
2285
2286
1A45
1A25
11A4
0943
0902
4AEA
63ED
BE37
FFDF
FFFF
DEDA
C637
BDD5
8C50
842F
9CF2
9D12
9CF2
A533
9D12
94D1
94B1
94B1
94D2
D6DA
D6DA
B595
DEFB
E73B
D71C
532C
3144
936B
A40D
82E9
5A06
6227
6A48
6A48
6268
51C4
4984
7AE9
A3ED
938C
6A47
59C5
AC70
F6F8
72E9
93CD
BCF0
7AE9
6A88
7AE9
832A
832A
E636
DDF5
DDB5
DD53
D512
D532
DD53
DD53
DD53
DD94
DDB4
E5D5
E5F5
E636
E616
E636
E637
E657
E657
E637
EE37
EE37
EE37
E637
EE58
EE57
E657
E657
E637
E637
EE37
EE37
E637
E657
E657
E657
E657
EE57
DDF6
6A68
6247
5A06
3A08
328C
6BF1
6B2B
6226
8B8B
C617
EF7E
9D35
DEFB
EF5D
EF5C
EF5C
EF5C
C617
DF1B
EF5D
E75C
F7BE
C617
93CD
C4D0
BCB0
BCB0
C4F0
B490
9CF3
ADD8
B61A
BE19
7BF0
73CD
634C
6BCE
73CE
7BCF
7BAE
7BAE
7BAE
736C
738C
6B4B
5B0A
6B4B
632B
62EA
630A
6B2A
6B0A
6B2B
6B0B
6AEB
2285
1A66
1A26
1A46
2226
2A87
2246
2A67
4B6A
9D94
FFDF
FFFF
EF5C
C5F5
9C8E
9C6E
9C4C
9BEB
93A9
93CA
9BCA
93CA
93A9
8B89
93A9
946D
D6D9
E75C
BE58
C678
D6FB
63CF
21C6
5A27
9BCC
A3ED
7AA8
5A06
6247
6A48
6A48
6247
5A26
49A4
6247
9BAB
9BAC
6A26
6A26
6207
E637
D594
72CA
C511
8B4A
6A88
8B8C
8B8B
93AC
B4B0
EE16
DD94
D513
D512
DD33
DD33
DD53
DD53
DD94
DDB4
DDD5
E5F5
E636
E616
E636
E637
E657
E657
E637
EE37
EE37
E637
E637
EE37
EE37
E637
E657
E637
EE37
EE37
E637
E637
E637
E637
E657
E637
F698
ACD1
51C5
7288
49E6
3AAB
3AED
9515
8C51
51C5
8B8B
C617
E75D
9D54
E73C
EF5D
EF5C
EF5C
EF5C
E71B
DEDA
EF7D
E75C
E75C
F7BE
B595
A42E
CCF1
C4D0
C4CF
A4B0
ADD7
A597
B61A
BE3A
94D4
51E6
7267
6224
6244
72A6
82E7
7AC7
7AC6
7AC6
7AC5
72A5
6A65
6A65
7265
7266
7286
7AC7
8308
8B09
8B09
7A87
2286
1A47
1A27
1A27
1A06
1206
1A47
32EA
5C2E
8D73
EFDF
FFFF
FFDE
C657
63ED
5B6B
9D52
8C90
B572
9C6E
ACAE
C4EE
B48C
BC8C
C4CC
AD0F
D6FA
DF3B
DF5B
E75C
C69A
42CC
3186
72A8
9BCC
9BCC
6A67
5A06
6A48
6A47
6A48
5A06
6267
51C4
5A05
93AB
A3EC
6226
6246
5A06
7B0A
EE98
A42F
AC6F
AC2E
6226
940D
72C8
9C2D
BCB1
E5D5
DD95
D554
D553
DD33
DD33
DD53
DD53
DD94
DDB4
E5D5
E616
E636
E636
E636
E637
E657
E657
E637
EE37
EE37
E637
E637
E637
E637
E637
E637
E637
EE57
EE58
E637
E637
E637
E637
E657
E637
F6B8
6B2A
49A5
6A67
4A27
4B2F
4B2E
B619
9D15
5A27
8B6B
C617
DF1C
A555
EF5D
EF5C
EF5C
E75C
E75C
EF5C
EF5C
E75C
EF5D
EF5C
EF5D
F7BE
A513
AC4E
CD11
B46F
9CF4
BE5A
9D56
B5F9
B61A
BE1A
72EB
82C6
6A43
6A63
8B06
9348
8B07
82E6
82E6
7AE6
7AA5
6A44
7A86
7A86
7A66
7A66
7AA7
82C8
82E8
82C8
7286
1A46
1A47
1A47
1227
11E7
09E6
1207
1207
2289
540F
AE58
F7FF
FFFF
B638
434C
0985
19C4
19E6
3269
11C7
63AE
83ED
A4F0
A4F0
B4CE
B551
CEDA
DF3B
DF3B
DF3B
C6BB
3A8B
39A5
72A8
A3CD
9BAC
6246
5A27
6248
6A47
6247
6226
5A27
39E6
51E6
936A
A3ED
6A47
6246
6246
51E5
836B
DE16
BCF1
A40D
6A87
A42E
9BED
5A05
BCB0
D553
DDB5
DD74
DD73
DD73
DD73
DD73
DD74
DDB4
E5D5
E5F5
E636
E636
E636
E637
E637
E637
E637
E637
EE37
EE37
E637
E637
E638
E637
EE37
EE58
EE58
DDF6
D5B5
EE58
E637
E637
E637
E657
EE77
D5F6
31A6
49A6
5A06
4AA9
432E
534E
9535
8473
62CA
832A
C637
D6DB
AD96
EF9D
E75C
E75C
E75C
E75C
E75C
EF5C
DF1B
D69A
EF7D
EF5C
EF7D
EF7D
A491
BC8F
A46F
ADB8
BE3A
9D76
A556
B61A
BE3B
9493
6A45
7264
7264
82E6
8B07
82E7
82C6
7AA6
7AA5
7285
6203
59C2
59E2
59E2
6203
6203
6203
6224
6203
6244
1A46
1A27
1A47
1A28
11E7
09C7
11C8
11E8
2269
330B
5430
AE79
FFFF
E79E
7CF2
3B0A
19C4
0142
0122
09A5
19E7
2A28
32AA
32AA
8490
C636
CED9
DF3B
DF1B
E73B
C6BB
3209
51C5
8B2A
A3ED
938B
5A26
5A47
6248
6A68
6247
5206
3A49
3AAC
41C5
8B29
A40D
6A47
6246
5A05
6247
59E6
72E9
C593
DE16
8BAB
AC8F
D5B4
A42E
936B
C4D0
DD94
DDB4
DD94
DD94
DD94
DDB4
E5B5
E5D5
E5F5
E616
E615
EE36
E636
E637
E657
E657
E637
E637
EE37
EE37
E637
EE37
EE57
EE58
E617
CD74
D574
C533
D594
EE58
E637
E637
E637
E637
F6B9
83CE
5AAA
9C2F
5A68
3208
7432
9D36
ADB8
A577
7BD0
6AEA
D69A
CE7A
BDF8
EF9D
E75C
EF5C
E75C
E75C
E75C
E75C
EF7D
CE99
C638
EF7D
EF5C
F79D
E73C
940E
A4D2
BE3A
B5F9
ADD8
9D35
B619
B5FA
BDF9
6AA9
6A23
7244
7265
7265
7264
7264
7244
7264
7285
6A64
51A1
59C2
59C2
6203
59E2
59E2
59C2
51C2
6244
1A46
1A47
1207
1208
11E8
09C7
11E7
11C7
1A28
2269
2AEC
5C92
D75D
FFFF
95B5
4BCD
2AC9
2288
1A26
11E4
11C4
0983
0984
09A5
32A8
A594
E75C
DF3B
DF1C
E73C
BE7A
2986
6A67
9BCC
A3ED
936B
5A06
6247
6A48
6A68
49C5
29E7
3ACC
3AAC
39A5
8309
AC0D
6A67
6226
5A05
6247
6A68
5A06
51E6
9C4E
ACD0
EE97
EE97
F6B8
BCF1
A3CC
D551
E5D5
DDB4
DDB4
E5B4
E5D5
E5D5
E5F6
E616
E616
E636
EE36
EE57
EE57
EE78
EE57
EE77
EE57
EE37
EE57
EE78
E636
DDD4
D593
C512
BD12
DDF6
EE57
EE58
E637
E637
E637
E657
EE77
D5B5
7B4D
940F
942F
73AE
8C72
C65A
BE3A
BE1A
BE1A
94F5
6B8E
DEFC
C639
CE79
EF7D
EF5C
EF5C
EF5C
E75C
E75C
E75C
E75C
EF7D
CE58
BDF7
EF9D
DF1C
DEFC
D6BA
9CD3
B5F9
B5F9
B61A
9D56
ADD8
B5F9
C65B
8C51
6204
7A85
7285
7285
7285
7285
7285
7285
7285
7264
59E2
59E2
6202
6223
6223
5A02
59E2
59E2
6A45
1A47
2267
1A27
1207
1206
1226
1226
11E7
1207
1A48
1A69
3B6D
8576
F7FF
B6BA
43EF
22A9
1A68
1A68
22A8
2AA8
2AC8
2267
11A5
0143
21E7
ADD7
E77D
DF1C
DF5D
BE59
39A6
938B
9BCC
A3CD
8B2A
59E6
6A48
6A48
6207
2986
32AB
32AC
2A6B
3185
7AE8
A3ED
6A87
5A26
5A05
6247
6A48
6A48
6248
4984
5A47
BD11
E656
EE98
AC6F
6A47
B48E
D592
E616
E5F5
E5F5
E5F5
E5F6
E616
E636
E636
EE76
E635
D593
C512
BCF2
BCD2
CD74
EE57
E636
C553
B4B1
B4D0
CD73
D5D4
E657
F6B9
E657
E657
E637
EE37
E637
E637
E657
E657
9C0E
A471
838E
94B3
ADB8
A577
B619
ADD9
B5D9
CEBC
ADB8
A557
D6DC
BDD8
D6BB
EF7D
E75C
EF5C
E75C
E75C
E75C
E75C
E75C
E75C
EF9D
CE79
B5B7
B618
B5D9
BE3A
B5F8
9D15
B5F9
B61A
ADB8
A577
B61A
BE1A
ADF8
62A7
7A84
7AC5
7AC6
82C6
82E6
7AC6
7AC6
7AA5
7264
6A44
6A44
6A44
6A44
6A64
6A44
6A24
6A44
7265
1206
1A46
1A27
1A47
1A46
1A46
1207
11E7
11E7
1207
1A48
2ACA
43CF
B69A
EFDF
64D3
2AEB
1A49
1A28
1207
1A48
22A9
1A68
19E6
0124
0988
32AD
BE5A
E73D
E75D
B617
6AA8
A3ED
938B
A3CC
832A
5A06
6A47
6A67
4207
32AB
3AEC
3AED
32AC
2986
72A7
A3CC
6A88
4A05
5A26
6A47
6A48
6A48
6A68
5A27
5A26
5A26
72C9
72C9
6227
59E6
7AE9
C510
E5D4
EE37
E616
E616
E616
E616
E636
EE57
C573
BD11
CD73
DDD5
E616
E616
D595
B490
A46F
BD32
D5D6
E637
E657
E657
EE77
EE77
E637
E657
E637
EE37
E637
E657
F6B8
9C0E
93CE
AC92
8BF0
ADB8
9D56
9D36
BE19
C65A
DEDC
E75E
AD97
B5D9
CE9B
B597
E73C
EF5D
E75C
E75C
E75C
E75C
E75C
E75C
E75C
E75C
E75C
F7BE
BE19
8CD4
B5D8
B5FA
B61A
ADB8
9D35
B619
B619
94F5
B5F9
B5F9
BE5B
8C50
6A64
7AC5
82E6
7AA5
7AA5
7AA5
7AA5
7AA5
6A44
7244
6A44
6A44
7244
6A44
7245
7245
7265
7AE7
1A67
1A26
1206
1A47
1A47
11E6
09C7
11C8
11C7
1208
1228
2289
332B
6CB2
EFDF
A659
43CF
228A
1208
09E8
1A49
1208
1207
11C6
0965
09C8
2AAD
C67B
E71D
E75D
94B1
8B4B
9BCC
938B
A3CC
8309
5A06
6A68
5A26
3228
32EC
32AC
32AC
3AED
29C7
6A87
9BAB
6AA9
4248
5A26
6A47
6A48
6247
6247
5A06
5A47
6268
5A47
5A27
6227
6A48
6207
8B4B
CD71
E636
E637
E636
E636
E636
EE57
CD73
ACB1
EE77
EE77
EE57
EE57
EE57
EE78
DDD5
B4B1
EE78
EE98
E637
E637
E637
E637
E637
E657
E657
EE37
EE37
E637
F6B9
ACAF
6A89
AC91
A471
ACD2
A576
ADD8
C639
E73D
EF5D
EF7E
DF1C
8CB4
B5D9
BE5A
B5B7
EF5D
E75D
E75D
E75D
E75D
E75C
E75D
E75D
E75D
E75D
EF5D
E73C
BE19
B5B8
94F4
ADB8
B619
B619
BDF9
A556
BE3A
9D15
A577
B61A
B61A
B5B7
72E8
7AA5
82E6
7AC6
7AA5
72A5
72A5
72A5
6A44
7264
7264
7264
7264
6A44
6A44
6A45
7265
7AC7
1A47
11E6
09C6
09C7
11C7
09A7
09A6
09A7
09A7
11C7
11E7
2289
2AEA
3B4C
9E38
D7BE
6CF4
2AEC
1229
1208
1A29
1208
11E7
11E7
0985
09A6
224A
BE7B
E75E
D6BB
7B4C
938B
9BAC
936B
A3ED
82E9
6207
6A47
39C6
32AC
32CC
32AC
32AC
32CC
29E8
6AA8
934A
6A89
4A8A
5A26
6A68
6A48
6227
6227
5A06
5A27
6247
62C9
9490
5A07
6A48
6A47
6207
832A
D572
EE56
E656
E636
E636
E636
AC8F
E636
EE56
E636
EE37
EE37
EE57
E637
EE78
CD73
9BED
DE17
EE57
E637
E637
E637
E637
E637
E637
E637
E637
F699
C532
4163
8BCE
AC91
940F
BD54
A554
C679
D6BB
EF7D
EF5D
EF7D
D6BB
8CB4
B61A
B5F8
BDF7
F77D
E75D
E75D
E75D
E75D
E75D
E75D
E75D
E75D
E75D
EF9D
CE7A
ADB8
BE19
B5D8
9CF5
AD97
B619
C65A
C65A
9D15
A577
9D15
BE1A
B5F9
BE3A
8BEE
6204
7265
6A44
6A44
6A64
6A65
6A44
6203
6203
6203
6A24
6A24
6203
6203
6203
6203
6224
1187
11A7
11A7
0987
0986
09A6
09A6
0987
0987
11C8
11C8
1208
1A48
2ACA
5C71
BF3C
B6FC
4C10
228A
1208
1208
09E7
09C7
09A6
09A6
09C7
0166
6431
EFBE
AD54
7B2A
82E9
9BAC
936B
A40D
7AE9
6227
49E6
324A
32ED
32AB
2A8B
32AB
32AC
3208
72A8
7AE8
6268
52CC
6268
6A47
6A48
5A06
5A27
5A27
5A06
6247
62EA
A595
5A07
6A47
6A47
6A47
59E6
6A67
BCF0
EE76
EE56
EE57
C552
B4F0
F697
EE56
EE77
E657
EE37
EE78
F698
F678
F697
93AB
93AC
EE78
E656
E636
E637
E637
E637
E637
E637
F698
CD73
4184
5A88
A491
A471
940E
CDF5
B574
B5D6
D6BA
EF7D
E73C
EF7D
CE7A
94F5
BE3A
AD97
C638
F79E
E75D
E75D
E75D
E75D
E75C
E75D
E75D
E75D
EF5D
E73C
AD76
B5F9
B5F9
BE1A
B5F9
9D15
A597
BE3A
EF9F
D69B
A556
94D4
B5F9
BE3A
BE5A
9CF4
51E4
6204
59E3
5A04
6224
6A44
6223
6203
6223
6223
6A44
6A44
6A43
6A43
6A43
6A43
6A63
19C8
11C8
11A7
11C8
11C8
11A8
0987
11A8
09A7
0166
09A7
09A6
11E6
1A68
334D
7515
D7DF
85D7
334D
1A49
1208
11C7
09A7
0986
0166
09A7
0167
63F1
E77E
8C0F
7AC8
7B09
9BAC
8B2A
A40D
7AE9
6206
3A27
32CC
32AC
328B
2A8B
328B
32AC
3A09
72A8
7287
5A48
630B
6AA8
6247
6247
51C5
5A27
6247
5A06
6247
634B
A5F6
5227
6A47
6A47
6A27
5A06
7BCE
842F
A44E
E5F4
FED8
B4D0
C552
FEB8
DE15
C5B4
BD94
B513
940F
9C4F
BD53
E657
C532
7AE9
CD74
EE98
E656
E637
E637
E637
E637
F698
D594
51E5
62C9
ACF1
9C4F
A491
ACD1
CDF6
C5D6
AD95
D6BB
F79D
EF5C
F79E
B5D8
9D36
BE3A
A576
C659
EF9D
E75D
E75D
E75D
E75D
E75C
E75D
E75D
E75D
EF9D
C618
A556
BE1A
B5F9
B5F9
BDFA
BE19
9D15
C65A
EF7E
F77E
EF7D
BDF7
AD97
C67B
C69B
C65A
7B4B
6A86
6A86
6A86
72A7
6AA7
6A65
6A65
6A44
6A64
6A64
6A64
6A43
6A43
6A43
6A43
6A43
2A48
2A28
2208
21E7
19C7
19C7
19E8
19E9
19E9
11C8
11C9
11E8
11C7
0186
1A49
43AF
9E5A
C79E
5CB3
22CB
1A29
11C7
11C7
09A7
0987
0987
0167
7CD5
D6DB
7B4B
8BAC
93CC
8B2A
7AE9
A40D
8309
49E6
3AAB
3ACC
32CC
32AC
328B
32AB
32AC
3A08
7AA9
6A67
5A27
7B0B
6A68
6A68
6247
51E6
6227
6268
59E6
5A27
73EE
9E17
5207
6A47
6A48
6A47
5226
AD97
B67B
9D14
8BCD
B4D0
CD93
B512
B4D1
83EF
7BCF
7C10
738E
630C
4A69
528A
736D
940F
9C0D
AC6F
DE16
EE57
E657
E657
E657
EE78
CD94
6B0A
5227
A4D1
ACF2
9C70
A4B1
BD53
B513
C595
B595
D69A
EF7D
EF5D
F79E
9D55
A577
BE1A
A576
D6BA
EF7D
E75C
E75C
E75C
E75C
E75C
E75C
E75C
E75D
EF5D
A575
B5D9
B5FA
B5F9
B5F9
B5F9
B61A
B5F9
C639
E75C
EF7D
F77E
FFDF
E73C
E73D
EF9E
EF9E
B596
8C0D
8BCD
8BED
9C2E
93CD
832A
7B09
72A7
72A6
6A86
7285
7265
7265
6A65
6A64
6A44
2A48
2A48
2A48
2A28
2A07
2A07
2A28
2A49
2A29
2A29
222A
222A
220A
19E9
19E9
2A8B
5C32
C73E
B6DB
4BF0
1A8A
11E8
11C8
09A8
0988
0988
0167
84F5
BDF7
834A
A4B0
93AC
82E9
72A8
A40D
7B09
3A27
32EC
32AC
32CC
32CC
32AC
32AC
32AC
4228
7AC8
5A06
6A88
8B4B
6A68
6A88
6247
5A27
6247
72A9
5A06
6226
9D13
AE79
49E6
6A68
6A68
6A48
62C9
B5D8
B63A
BE5A
B5D8
6B8E
6B0A
4A27
5AEB
634D
4AAB
4AAB
5AEC
630C
5ACB
632D
632D
5AEC
7B6C
A44F
B4B1
EED9
EEB9
EED9
F6FA
E6B9
AD13
AD95
A534
C5F7
BDD6
BDB5
B574
CE17
E699
E6B9
BDB5
CE79
F79E
EF7D
EF7E
9D35
ADD8
B5F9
A596
DF1B
EF5D
E75C
E75C
E75C
E75C
E75C
E75C
E75C
EF7D
D6BA
9D56
B61A
B5F9
B619
BE1A
BE1A
BE1A
CEDB
E75D
E73C
F7BE
FFBF
FFDF
FFFF
FFFF
FFFF
FFFF
F7DE
EF3B
E6DA
EF3B
F79D
EF3C
CDF7
A44F
8B8B
832A
7AE9
7AA7
82C7
82C7
82A6
82C6
7265
21E7
2A07
2A28
2A28
2A28
2A48
3228
3248
3248
3269
2A48
2A28
2A49
2A29
2A29
2A4A
430D
9577
F7FF
95F8
3B4E
1A29
09A8
0988
0988
0968
32CD
CF1E
AD54
8C0E
A4D1
938B
7AA8
7287
A40D
730A
3269
32EC
32AB
32AC
32CC
32AC
32CC
32CC
4A48
72A7
6246
93CD
832B
7B0A
72C9
7B2B
732A
730A
832B
6AA9
6288
8D74
8DD5
4206
72C9
72A9
6A68
6B0C
BE19
B63A
BE19
BE19
C67B
6B8E
528A
6B8E
52CB
52CB
5B0C
6B8E
636E
5B0C
5AEC
5AEC
630D
630D
9471
CDF5
F73B
FFBD
FFDE
FFDE
FFBE
F7BE
FFFF
FFDF
F79E
F7BD
F79D
EF5C
F79D
FF9D
F77D
EF1B
E6FB
F79E
EF7D
EF7D
9D35
B5F9
B5F9
A576
E73C
EF5D
E75D
EF5D
EF5D
EF5D
EF5D
E75C
E75C
EF9D
BE17
ADB7
BE1A
B63A
BE5A
C67B
CE9B
D6FC
EF9E
FFFF
FFDF
FFBF
FFBF
F7BE
F7BE
F79E
D69A
DF3C
CE9A
B595
CDF6
E6DA
FFFE
FFFF
FFFF
E6BA
BD32
A40E
938C
8B29
8B09
8AE8
82C7
82E6
7285
0924
0945
1165
1186
19A6
21C6
21E7
2A07
2A07
2A08
2A28
2A28
3228
3228
2A28
3249
42EB
7411
D6FC
F7FF
8D35
4B2D
2229
11C8
19E9
2A6B
7474
CEFD
9CB2
A4F2
A4B1
9BAC
7287
6A46
A3EC
730A
328B
3ACC
3ACC
32CC
32CC
32CC
3AEC
32CC
4A48
6A87
9BED
A46F
9C4F
ACF2
AD33
BD95
B533
A4F2
A4B1
942F
83EE
9E37
8574
6B6B
8BCE
8BAD
7B6C
AD96
C69B
C65A
C65A
C65A
B5B8
5B0C
630C
528A
632D
632D
632D
73AF
6B8E
6B6E
634D
52CB
5ACB
7BF0
6B6E
B574
EF1B
F75C
D6B8
D677
E6D9
CE17
D6BB
DF3D
DF1C
CE58
EF5C
FFDE
FFFF
FFFF
FFFF
FFFF
FFFF
FFDF
F79E
EF5D
9D56
B619
B5F8
AD76
EF7D
EF5D
EF5D
EF5D
EF5D
EF5D
EF5D
EF5D
EF7D
E73C
ADB6
BE19
BE3A
C67B
CEDB
DF5D
EF9E
FFDF
FFFF
FFDF
F79E
EF7E
EF7E
EF7D
EF7D
F79E
CE79
B5D7
C63A
942F
A44F
B4D1
CDD6
EF3B
FFFF
FFFF
EF5C
C574
9BED
832A
7AC8
7287
6A66
6A65
6224
19C6
19A6
1185
1165
0945
0924
0924
0924
0924
0945
1145
1185
1986
19C6
21E7
2A07
3A69
532C
9534
FFFF
EF5C
8492
430C
326A
2A4A
11C8
5390
BE9B
9CB2
BDB6
9C70
9BAC
7287
6247
A3CC
730A
32AB
3ACC
3ACC
32CC
32CC
32AC
3ACC
3ACC
4A48
93ED
C573
DE78
EF3C
F7BE
FFFF
FFFF
F7DE
F79D
EF5C
E71B
DEBA
DF7D
D73C
D6DA
D699
D6B9
CE79
EF5D
E73D
DF1D
DF1C
DF1D
9D15
6B6E
632D
632D
634D
6B6E
632D
6B8E
6B6E
634D
634D
6B4D
632D
5AEC
6B4D
7BCF
A490
ACB1
B4F1
CD73
D573
A491
9D35
B5F9
C69B
ADB7
9CD2
C5F7
DE99
FFBE
FFDE
FFFF
FFFF
FFFF
FFDF
EF5D
A597
BE3A
B5D8
ADB7
F79E
EF5D
EF5D
EF5D
EF5D
EF5D
EF7D
EF7D
F79E
D6BA
B5D8
C67A
CE9B
DF1D
F7BE
FFFF
FFFF
FFFF
F7BF
F79E
EF7D
EF5D
EF3D
EF5D
EF7D
EF7D
EF5D
A576
BE1A
942F
9C0E
ACB0
BD53
D678
EF7C
FFFF
FFFF
F79E
CDD6
A46F
8B8C
7B09
72C7
6A86
72A7
3AA9
3AA9
3AA9
3A89
3269
3248
2A28
21E7
19A6
1985
1165
0944
0904
0904
0924
0945
1165
21E7
4B4D
B638
FFFF
C659
63F0
3ACB
328A
19C8
432F
AE19
8C71
C658
9C4F
9BAC
7287
5A26
936B
7B4B
326A
3ACC
3ACC
32CC
3AEC
3AED
328B
428A
7B2B
8BAC
94D2
D6DC
FFFF
FFFF
FFFF
FFFF
FFFF
FFFF
FFFF
FFFF
FFFF
FFFF
FFDF
FFFF
FFFF
FFFF
FFFF
FFDF
FFFF
FFFF
FFFF
FFFF
C618
7BCF
632D
6B6E
6B4D
632D
6B6E
738E
6B6E
6B4D
6B4D
6B6E
6B4D
52AB
634D
630C
93CD
BCD1
CD32
CD11
CD32
8BCD
84B3
B619
BE3A
BE3A
9CD3
A4B2
A4B2
DE99
E71B
EF5C
FFBD
FFFF
FFFF
EF7D
C659
CE7B
B5D9
BE18
F7BE
EF7D
EF7D
F79E
F79E
F79E
F79E
F79E
F7BE
D6DB
D6DC
DF1C
E75E
F7DF
FFFF
FFFF
FFFF
FFDF
F7BE
F79E
EF7D
F79E
E6FC
DEDB
F77E
EF5D
F79E
E71C
B5D8
BD95
D637
E6DA
F75C
FFBD
FFDE
FFFF
FFFF
FFFF
FFDF
E6FB
C5B5
ACD2
9C4F
93ED
93ED
3AA9
3A89
3AA9
3AA9
3AA9
3AAA
3AA9
3A89
3289
3289
3A89
3269
2A28
2A07
21E7
21C7
21C7
21E7
3289
7471
EFBE
F7DE
84D3
3ACB
19E8
11A7
430E
9D97
8430
D6BA
9C4F
938B
7288
49E6
7AE9
8B8C
326A
2A29
428A
42CB
4ACB
42CB
52CA
72EB
6AA9
5A88
6BAE
9516
DF1C
FFFF
FFDE
EF5D
F7BE
F7BE
F7BE
F79E
E71C
E73C
DEDB
D6BA
E73C
F79D
F7BE
FFFF
F7BE
EF5D
E73C
F7DE
CE79
7BF0
632D
5ACB
528A
5ACB
632D
6B6E
52CB
632D
5AEC
6B4D
6B6E
6B4D
6B4E
738D
93CC
A42D
C4B0
B46F
B46E
8BED
A576
ADD8
ADD8
BE3A
B5F9
8C51
9C51
AD34
DE99
DE99
E6FB
F77D
FFFF
FFFF
EF9E
DF1C
C63A
CEBB
F7DE
F7BF
FFDF
FFFF
FFFF
FFFF
FFFF
FFFF
FFFF
F7DF
F7FF
FFFF
FFFF
FFFF
FFFF
FFFF
FFFF
FFFF
FFFF
FFFF
FFDF
FFDF
F7BF
E71C
F7BF
FFBF
FFBF
FFDF
F79E
FFDF
FFFF
FFFF
FFFF
FFFF
FFFF
FFFF
FFFF
FFFF
FFFF
FFFF
FFDF
F77D
E6FB
DEB9
DE58
3AA9
3AA9
3289
3AAA
3AA9
3AA9
3A89
3A89
3289
3A89
3269
3269
3289
3269
3289
3A89
3AAA
42EB
534D
7451
C6BA
FFFF
D71C
7472
3ACB
2209
3ACD
8D56
7C51
D6FB
9C70
936B
72A8
4A07
5AAA
8B8C
42AA
3ACB
428A
5AEB
6B0B
6B2B
630B
4A69
6AA9
6B2B
7410
9D35
D6BA
FFFF
FFDE
B5B6
B5B6
EF7D
F79E
E71C
E73C
E73C
DEFB
EF7D
F7BE
F7BE
F7BE
F7DF
EF9D
E75C
EF5C
EF3C
BDD7
8C51
738E
6B6E
632D
52AB
52CB
630C
528A
5AEC
52AB
52AB
52AB
630C
630D
6B2C
93EC
A40D
CD53
D594
DDF5
CD94
ACD2
CDF7
C5D6
A556
BE5A
9CF4
9430
9C90
D637
DE58
DE99
DE99
F77C
FFFF
FFFF
FFDF
E75D
EF9E
FFFF
FFDF
FFDF
FFDF
FFFF
FFFF
FFFF
FFFF
FFFF
FFFF
FFFF
FFFF
FFFF
FFFF
FFDF
FFFF
FFFF
FFDF
FFDF
FFDF
FFDF
FFFF
FFFF
FFFF
FFDF
FFFF
FFFF
FFFF
FFFF
FFDE
F79D
EF5C
E71B
DEDA
DE79
DE79
E6DB
EF3C
FF9E
FFFF
FFFF
FFFF
FFFF
FFFF
FFFF
3AC9
3AA9
3AA9
3ACA
3AAA
3AAA
3AAA
3AA9
3A89
3A8A
3269
3269
3269
3289
3289
3289
3AAA
42CA
4B0C
63AF
9D75
F7DE
FFFF
BE79
7C71
3ACB
32AC
7CD5
7C92
CEDA
AD12
936B
7AA8
4208
3A8A
7B4B
4AAA
3AEC
42CC
3A8B
3ACB
3AAB
42EC
52CB
7B2B
8410
A597
DF1C
FFFF
FFFF
FFFF
AD34
D679
F7DE
D6DB
D6DB
DEFB
DF1B
EFBE
FFFF
FFFF
FFFF
FFFF
FFFF
F7DE
FFDE
F7BD
FFDE
DEDA
7BF0
632D
632D
6B6E
634D
6B4D
6B8E
632D
6B6E
632D
6B8E
6B4D
5AEC
528A
6AEA
D5B3
EE77
EE78
F678
D5D6
C553
EEB9
FF5C
EED8
B532
B5B7
B5D8
8C50
A491
CDF6
D637
DE57
D658
D679
D6DB
DEFB
F7BE
FFFF
FFFF
FFFF
FFFF
FFFF
FFFF
FFFF
FFFF
FFFF
FFFF
FFFF
FFFF
FFFF
F7BE
E75D
E77D
F7BE
F7BE
F79E
F79E
EF7D
EF7D
EF7D
F79E
F79E
F7BE
EF5D
CE58
C5D5
C5B5
BD95
BD53
B4F1
AC90
A46F
A44F
9C0E
9C0E
A44F
AC90
C554
E699
FFBE
FFFF
FFFF
FFFF
FFFF
3AC9
3AC9
3AE9
3AC9
3AC9
3AA9
3AA9
3AA9
3AA9
3AAA
3289
3289
3289
3289
3AA9
3AA9
3AAA
3ACA
42EB
534D
7C51
CEBA
FFFF
EFBE
A596
4B4D
3AED
6C74
7CD5
ADD8
BDB6
938B
7AC9
4228
3ACB
5AEA
5AC9
32AB
3AEC
42ED
42ED
430D
4B4E
6B6D
A491
D69A
FFDF
FFFF
FFFF
DF3D
D6FB
BDF7
F7DE
D6DB
D6DB
DF1B
E75C
EFBE
FFDF
FFFF
FFFF
FFFF
F7BE
EF9D
E6FB
CE17
D657
DE78
CE16
83AD
5AEB
52CB
632D
5AEC
630D
5AEC
630C
5AEB
630C
5AEC
630C
4A69
6B2C
D616
EE97
E656
EE37
E637
BD12
E637
EE98
E678
E677
CDB5
A535
C63A
9CD3
942F
C595
DE57
D637
DE58
BDB6
9CF4
BE18
CEBB
D6DB
F7DF
FFDF
FFDF
FFDF
FFDF
FFDF
FFDF
FFFF
FFDF
F79E
EF7D
DF1C
CEBB
CEBA
E75D
EF7E
EF7E
EF7D
EF7D
EF7D
EF7D
EF7D
EF5D
EF7D
FFDF
D659
93ED
8BAB
93CC
93CC
9BAC
938B
8B6A
8B49
8B29
8B49
8B29
8B29
8B4A
936C
9BEE
C595
F77D
FFFF
FFFF
FFFF
3AC9
3AE9
3AE9
3AC9
3AC9
3ACA
3AC9
3AC9
3AA9
3AAA
32AA
3289
3289
3289
3AA9
3AAA
328A
3AAA
42EB
4B2C
63AF
9D75
F7DE
FFFF
D71B
7451
4B2E
6C53
8537
B63A
C618
8B6B
7AEA
3A28
3AEC
3AAA
5248
42AB
42ED
42ED
430D
4B2E
5B8F
8430
E6FB
FFFF
FFFF
EF7D
C65A
7CB4
7C72
C659
EFBE
D6DB
E73C
EF9D
F79E
F7BE
FFDE
F7BE
FFDE
EF5C
DE79
E678
D5D6
DE37
E677
E677
E657
DE36
CDD5
7B6D
5A8A
8C0F
A4B2
9C71
A4B1
ACD1
BD33
BD53
BD54
ACB1
CD94
EE98
E657
E657
E657
DE16
D5B5
EE58
E637
E637
EE78
CD74
9D15
BE3A
B597
8BEE
B513
DE37
D637
DE78
AD54
73F0
BDF9
BDF9
B5B7
F7BE
EF7D
EF7D
EF7D
EF7D
EF7D
EF7D
F79E
CE7A
CEBA
CE7A
BE3A
C659
E73C
EF7D
EF5D
EF5D
EF5D
EF5D
EF7D
EF7D
EF5D
F7BE
EF7D
A4D2
6AA8
7B08
7AE7
7AE7
7AC7
82E7
7AA7
7286
7AA7
72A7
72A6
7265
7286
6A46
72A8
9470
CE58
E73B
EF7D
F7BE
FFFF
3AE9
3AE9
3AC9
3AE9
42EA
3AEA
3ACA
3AC9
3AA9
3AAA
3AAA
3289
3289
3289
32A9
32A9
3A8A
3AAA
3ACA
42EB
534D
7C51
CEBA
FFFF
FFFF
B5F7
63F1
6C53
7CF5
AE19
CE79
7B2A
8B4B
3A28
3AEC
3AEC
3A8A
29C8
42ED
4B2E
4B4E
536F
6BD0
C639
FFFF
F7DF
C69B
9D56
7CB4
6C53
534F
E71C
E73C
E71C
EF7D
FFFF
FFFF
FFDF
F7BE
EFBE
DEFB
C5F6
E658
E657
E658
E657
E656
E656
E656
E656
EE97
E616
DDF6
EE98
EE98
EE98
EE98
EE98
EE97
EE97
EE77
F698
EE77
E637
E637
E657
E637
E657
EEB9
E657
E637
E637
EE57
B513
ADB8
B5F9
BE3A
9450
A491
D616
D637
DE58
A4B1
5B0C
BE19
ADB7
BDF7
F79D
EF7D
EF7D
EF7D
EF7D
EF7D
F79E
DEFB
B5B7
BE5A
BE19
BDF9
DEFC
EF5D
EF5C
EF5D
EF5D
E73D
EF5D
F79E
F7DF
F7BE
C5F6
7B6A
5A23
6263
6264
7285
6203
61E3
61E3
6203
6203
6A24
6A24
6A23
59C2
51C3
7B6B
B5D6
CEFB
CEDB
CEBA
DF1B
E75C
CEBA
3AC9
3AE9
42E9
3AC9
3AEA
3AEA
3AC9
3AC9
3AA9
3AAA
3AAA
3AAA
3289
3289
3289
3289
3AAA
3AAA
3AAA
42CA
4AEB
5B8F
9D55
F7BE
FFFF
E79D
8D36
74B5
7CD5
9D98
C6BA
5B0B
834A
31E6
3AEC
42ED
432D
3A8B
3A8B
4B2E
536F
63B0
A597
FFDF
F7BE
B5D7
8493
6BF1
6412
6432
9516
E75D
E75D
F79E
FFFF
FFFF
FFFF
E73C
CE79
B5F7
9491
DE16
EE57
E657
E637
E657
E657
E657
E657
E656
E636
EE57
EE57
E657
E657
E657
E657
E657
E657
E657
E657
E657
E657
E657
E657
E657
E637
E637
EEFA
E698
E636
EE77
C554
A536
BE3A
B5F9
C65A
A4F3
9C90
C5B5
DE37
D617
A4B1
634D
BE1A
A556
C658
EF9D
EF5D
EF5D
EF5D
EF5D
EF5D
EF9D
BDD7
B5F8
B619
ADD9
CEBB
EF7D
EF5C
EF5C
EF5D
EF3D
EF7E
F79E
D6B9
AD13
7B8C
5A44
6A44
7284
6A43
7284
8B07
6A03
69E2
6A03
6A03
6A03
6A02
6A02
59E3
6AE8
A534
CEDB
CEDC
C69B
C6BB
D6FC
BE39
8473
8CF5
3AE9
42EA
42E9
3AC9
3AC9
3AC9
3AC9
3AA9
3AA9
3AAA
3AAA
3AAA
3A89
3289
3289
3289
3AAA
328A
3AAA
3A8A
3AAA
4B0C
7411
C67A
FFFF
FFFF
CEDB
8D37
7CD6
8D36
C6BB
4AEC
6AE9
39E6
3AEC
42EC
432D
4B4E
536E
5B8F
6C12
9556
EF7E
FFFF
CE9B
8493
63B0
5B90
63D1
5BD1
BE19
F7BE
F7BE
FFFF
FFDF
E71C
BDF7
BDD7
BE17
6B8D
B4F1
EE97
E657
E637
E637
E657
E657
E657
E657
E657
E657
E657
E657
E657
E657
E657
E657
E657
E657
E657
E637
E637
E637
E637
E637
E637
E637
E636
E6B9
EF1B
EE97
C553
9D15
B61A
B619
B619
BE3A
AD76
A4B1
BD94
DE37
C5B5
A470
840F
B5FA
94F5
D6BA
EF7D
E75C
E75C
E75C
E75C
EF7D
D6BA
A556
BE1A
ADD9
C65A
E77E
E75D
EF5C
EF5C
EF5D
F79E
D699
8BED
6AA6
6A64
72A5
7AC5
72A5
7264
6A23
6A64
82E6
6A03
6203
61E2
61E2
61E2
5181
5A65
94D1
CEBB
CEFC
C6BB
C6BB
CEFC
BE59
7C73
3AAE
2A2C
84D6
3AE9
3AE9
42E9
3AE9
3AC9
3AC9
3AA9
3AC9
3AC9
3ACA
3AAA
3AAA
3AAA
3289
3289
3289
32A9
3289
32AA
32AA
3A8A
42CB
534E
8CD4
DF3C
FFFF
FFFF
CEBB
9D98
9578
BE7A
530E
52CB
39E7
32AB
4B2D
4B6E
5B8F
63F1
7C72
9D76
D71C
FFFF
F7BE
AD97
7C52
63D0
63D1
6C12
7453
D6DB
F7DE
FFFF
FFDF
E71C
DEDB
DF3C
EF9E
AD54
A513
DE16
E657
E657
E657
E637
EE37
EE37
E637
E637
E637
E637
EE37
E637
E637
E637
E637
E637
E637
E637
E637
EE37
EE37
E637
E637
E637
E637
E637
E656
E657
EF3B
B4F2
9493
B61A
B619
B5F9
B5F9
BE1A
B5D7
AD12
BD94
D5F6
BD74
9C70
8C0F
A556
A556
E73C
EF5D
E75C
E75C
E75C
E75C
EF7D
AD96
B5D9
B5F9
BE19
E75E
E75D
EF5C
EF5C
EF5D
F79E
B5B7
5A67
6203
72A5
72A5
72A5
7285
7285
6A44
6A44
6A65
6A44
6203
6A64
72A5
6A64
6266
83EE
C659
CF1C
C6BA
C6BA
CEFB
BE59
84B3
3ACD
19EB
11CA
19EA
21E9
42E9
3AE9
42E9
3AE9
3AA9
3AC9
3AC9
3AA9
3AA9
42CA
3ACA
3AAA
3AAA
3AA9
3289
3AAA
3AAA
3289
3289
32AA
3ACA
3AAA
4AEC
63AF
A596
F7BE
FFFF
FFFF
CEBB
9557
B639
6390
4AED
3A4A
3ACB
5BAF
6BF1
7C93
9D76
C69A
E77D
FFFF
FFFF
E75D
B5D7
94F4
7C93
7C73
8CF5
B5F8
F7FF
F7DF
F79E
F7BE
EF7D
F79D
F7BE
A535
CE38
B574
E657
E657
E657
E657
E637
E637
EE37
EE37
EE37
E637
EE37
EE37
EE37
EE37
EE37
E637
E637
EE37
EE37
E637
EE37
E637
E637
E637
E637
E637
E637
E656
EE77
CDD5
8C92
B61A
B61A
B5F9
B5F9
B5F9
B619
C639
BD94
C5B5
BD74
B534
9C70
9450
8C51
AD96
EF7D
EF5C
E75C
E75C
E75C
EF7D
CE79
9D35
BE1A
B5D8
D6FC
EF7D
EF5C
EF3C
EF7D
EF5D
AD75
9D13
62C8
82C6
8AE7
82E7
8AE7
8AE7
8AE7
8B07
8B08
9328
7264
6A43
7AC6
8308
8C0E
B618
CF1D
C6DB
C6BA
CEFB
C69A
8CF4
4B0D
220B
19CA
21EA
5BAF
9DB6
84B3
3AE9
3AE9
3AC9
3AC9
3AC9
3ACA
3ACA
3ACA
3ACA
3ACA
3ACA
3AAA
3AAA
3289
3289
3289
3289
3269
2A49
2A49
2A28
2A48
3249
42AB
63B0
B5F9
FFFF
FFFF
F7DF
C67A
BE3A
6BF1
5B90
5B8F
63D1
84B3
A5D7
CEFB
EFBE
FFFF
FFFF
FFFF
FFFF
F7DF
F79E
E73D
CEBB
C65A
DF1D
FFDF
FFFF
DEFC
E71C
EF7E
EF5D
F79E
C618
BE17
CDF7
9C2E
EE78
E657
E657
E657
E637
EE37
EE37
EE37
EE37
EE37
EE37
EE37
EE37
EE37
E637
E637
E637
EE37
EE37
EE37
EE37
EE37
E637
E637
E637
E637
E637
EE57
E636
A4B1
B619
B619
B61A
B5F9
B5F9
B5F9
B5F9
CE9A
BD94
D637
ACF2
A491
9C71
9CB1
7BCE
CE59
EF9D
E75C
E75C
E75C
E75C
EF7D
A534
B5B9
B5D9
CE9B
EF7D
E75C
E73C
EF7D
E71C
AD55
ADB5
BE37
6AC7
8AC7
8B07
8B07
8B07
8B07
8B07
8B08
8B08
9328
7244
59E3
736B
AD75
CEDB
CEDB
C69A
CEDB
C6BA
9535
534F
2A2B
19EA
19EA
4B4E
9555
BEB9
BE99
BE99
3288
3288
3268
2A68
2A48
2A48
2A48
2A28
2A28
2A28
2207
2207
2207
2207
2207
21E7
21E7
21E8
2208
2208
2208
2208
2A08
3249
4AEC
6BF1
BE39
DF3D
FFFF
FFFF
DF5D
8CD4
7452
7C93
ADD8
DF3C
F7FF
FFFF
FFFF
FFFF
FFFF
FFFF
FFFF
FFFF
FFFF
FFFF
FFFF
FFFF
FFFF
FFFF
E75E
BDF8
E73C
EF7E
EF7D
E71C
BDF7
D678
A44E
B48F
E637
E657
E657
E657
E637
EE37
EE37
E637
EE37
E637
EE37
EE37
E637
E637
E637
E637
E637
E637
E637
E637
EE37
E637
E637
E637
E657
E637
E657
EE78
ACB0
8BCD
A535
BE7B
B5F9
B5D9
B5D9
B5D9
B5D9
DEFC
B595
CE16
BD95
8BEE
A491
A4B1
83EF
BDF7
EF9D
E75C
E75C
E75C
EF7D
CE79
A535
B619
BE39
E75D
E77D
E75C
EF9E
DEDB
A554
B5F6
C677
B5F6
6AA7
7AA5
82E6
82C6
82E6
82E6
82E6
8B07
82C6
6A44
6AE8
9D12
CEBA
D6DB
CE9A
CEDB
CEDB
A5B7
63D1
2A2C
19AA
0988
32AC
7CF4
BE99
C6BA
BE78
B658
BE79
2A27
2A48
2A48
2A48
2A48
2A48
2A48
2A68
2A68
3269
3289
3AAA
3AAA
328A
3289
328A
328A
328A
328A
32AA
328A
328A
326A
328A
42CB
42EC
6C11
84B4
C67B
F7FF
F7DF
CE9B
B5F8
CEBB
F7DF
FFFF
FFFF
D6DB
C659
CE9A
D6DB
D6FB
D6FB
D6DB
CE9A
C659
BE39
B619
ADD8
D6DC
C65A
9D56
C65A
E73D
F79E
C618
D699
AC90
C4D0
AC4E
CD73
EE78
EE78
EE78
E637
E637
E637
E657
E637
E637
E637
E637
E637
E637
E637
E637
E637
E637
E637
E637
E637
E637
E637
E637
E637
EE57
EE98
BD12
AC4D
C511
9C0E
D6BB
DF5D
D6DB
CE9B
CE9B
D6FC
EF9E
C637
BDB5
DE78
A491
9430
A4B1
9450
9CB2
EF7D
EF5C
E75C
E75C
EF7D
B5B7
B5D8
ADF8
D71C
E77D
E75D
EF9E
CE79
A534
B616
BE57
BE57
BE16
7307
7263
7284
7AA5
7A85
7264
7264
6223
62A7
8C90
C679
D6FB
CE9A
CEBA
CEDB
B5D8
7432
3A8D
21CB
116A
2A2B
7452
AE38
BEBA
B658
B658
BE79
CEFA
CEDB
3ACA
32A9
3AAA
3AAA
3ACA
3ACA
3ACA
3ACA
3ACA
3ACA
3ACB
42EB
3AEB
3ACB
3AAA
3AAA
3AAB
328A
328A
328A
328A
326A
2A6A
2A6A
326A
2A4A
534F
5370
84D6
C6BB
FFFF
FFFF
FFDE
FFFF
FFFF
EF7D
B617
8CD4
7C52
7C52
7C52
7C93
84B3
7C73
7452
7432
7432
6C11
6BF1
B63A
ADB8
9D56
B619
D69B
EF5D
C638
BDD6
B46F
C4EF
C4F0
C513
EE78
BCD1
BCF2
EE57
EE78
E657
E657
E657
E637
E637
E637
E637
E637
E637
E637
E637
E637
E637
E637
EE57
EE57
EE78
EE78
EE78
E616
C512
AC4E
C4F0
C4F0
AC4E
BD95
F7FF
EF9D
EF7D
EF7D
EF7D
EF7D
D6BA
B574
DE78
C595
8BEE
A491
A491
8BEF
DEFB
EF7D
E75C
EF7D
CE79
AD57
B5F9
C69A
E77D
EF7D
EFBE
B596
9CF3
BE38
B657
B656
BE57
B616
7328
7A84
7AA5
82C5
82A5
6A43
6265
8C0E
BE38
D71C
CEBB
C69A
CEDB
BE38
8473
4AEE
2A2B
19A9
21EA
5BD0
A5F7
C699
BE58
B638
B658
C6DA
CEFB
ADD8
63D2
3ACA
3AAA
3289
3AAA
3AAA
3AAA
3AAA
3ACA
3ACA
42EB
3ACA
3ACB
3ACB
3ACB
328A
328A
3AAA
328A
3AAB
3ACB
328A
328A
326A
326A
2A6A
2209
430D
3AEE
6413
9D97
E75D
F7BE
FFFF
FFFF
D6DB
9D55
7451
63D0
5B8F
5B6F
5B6F
5B6F
5B6F
536F
534E
536F
536F
534E
63F1
B65B
9515
A5B7
ADF9
BE39
D67A
D69A
B532
C4AF
C4F0
E615
C533
E637
C532
A40D
9C0E
BD12
DE16
EE78
EE78
E657
E657
E657
E657
EE57
EE57
EE58
EE78
EE78
EE77
EE56
E616
DDD5
CD53
C512
B4B0
AC4E
AC6E
C4F0
C4F0
C4F0
BCD0
83CD
BE38
EFBE
E77D
E75D
E75D
EF5D
DEDA
B553
D658
DE58
9C70
9C30
A4B1
8BEE
BDD8
EF9E
E75C
EF7D
A535
AD98
C63A
E75D
EF9D
EF7D
A534
AD76
C659
B657
B656
BE56
BE57
B5F6
7328
7A84
7284
7286
6AC7
7BCD
B5D6
D6FB
CEDA
CEBA
CEBB
BE79
9515
5B70
324C
19A9
19A9
536E
9D96
BE99
BE78
B637
B657
C6B9
CEFB
B619
7434
5B91
3AEE
3ACA
3ACA
3AAA
3ACA
3AAA
3AAA
3AAA
3ACA
3AEA
42EB
3ACB
3ACB
3ACB
3ACB
3AAA
328A
3AAA
328A
328A
3AAB
328A
328A
328A
328A
2A6A
2208
42ED
3ACD
53B1
8516
CE9B
9D35
ADB7
A576
8473
63B0
536F
4B4D
4B2E
4B2E
4B2E
4B0D
4B0D
4B0D
430D
4B2D
4B2E
430D
7432
B63A
94F5
A597
A598
B619
CE9A
DEFB
ACB0
C4D0
DD93
EE77
C532
DDF6
EE56
E636
D5B4
BD11
BCD1
BCF1
CD73
DDF5
E656
E656
E636
E615
DDD5
D594
CD73
BCF2
B4B0
AC6E
AC4E
AC4E
AC4E
B48F
BCCF
C4F0
C4F0
C4D0
C4D0
C4D0
CD10
940D
8CD2
ADD7
EF7D
EF7D
E75C
EF5D
DEFB
ACF3
DE37
DE37
CDB5
942F
A490
942F
A4D3
F79E
EF7D
CE79
8CD4
BE3A
DF1C
F7BE
DEFB
6B8F
8452
E75D
BE38
B637
BE56
BE56
BE57
B5F6
6B08
5A02
49E3
6B4A
A575
CEFB
CEFB
C69A
CEBA
C69A
9D76
63D0
3AAC
21CA
1168
3ACC
84F4
BE79
BE79
B638
B638
BE99
CEFB
B618
7C53
3A6D
4B0E
B679
7CD3
3ACA
3ACA
3AAA
3ACA
3AAA
3ACA
3ACA
3ACA
42EB
42EB
42EB
3AEB
3ACB
3ACB
3AAB
3AAA
3AAB
328A
32AB
32AB
328A
328A
328A
328A
2A6A
2208
42CC
3ACD
434F
7494
B619
6BD0
5B6F
5B6F
536F
532E
4B0D
430D
42EC
430D
430D
430D
42EC
42ED
430D
430D
430D
42ED
7C93
ADD9
94F5
9D56
ADD9
ADF9
CEBB
D6B9
ACAF
CD11
E616
E656
BD12
E616
E656
EE56
EE57
EE78
EE57
DDF6
D594
CD53
C532
BCF1
C512
C512
C512
BCF1
BCD0
B4B0
BCAF
BCAF
BCCF
BCCF
C4F0
C4F0
C4F0
C4F0
C4F0
C4D0
C4D0
C4D0
CCF0
A44E
A555
A597
9D35
DF3C
F7BE
EF7D
DEFB
9C91
DE37
D617
DE58
ACF2
9C50
A491
7B8D
DEDB
F79E
9D14
A597
D6DC
EF9E
C659
5B4E
3ACD
9536
DF1C
B637
B637
BE57
B656
BE57
B616
6B4A
62C8
94F2
C6DA
CF1B
C6BA
CEBA
CEDB
ADD8
7431
42CD
21EA
1989
326C
7C92
B658
BE98
B638
B638
BE79
CEDA
BE39
7C54
5350
7CB4
3AAB
534D
C6B9
ADF7
3ACA
3ACA
3AAA
3ACA
3ACA
3ACA
42CA
42EB
42EB
430B
42EB
42EB
42EB
3ACB
3AAB
3AAB
328A
328A
328A
328A
328A
328A
328A
328A
328A
2209
3AAB
3ACD
3AEE
6C53
ADB8
538F
42ED
42ED
430D
430D
430D
42EC
3ACC
3ACC
3AEC
3AEC
3AEC
3ACC
3AEC
430D
430D
3ACD
8CD5
9D77
8D15
9D57
B63A
ADF9
C67A
C616
B48E
D572
EE37
E637
BD33
EE57
E637
E637
E637
E637
E637
EE57
EE58
EE58
E637
E637
E637
EE57
EE77
EE77
EE57
E637
E616
DDD5
D5B4
D5B4
D5B4
CD31
C4D0
C4F0
C4F0
C4D0
C4D0
C4D0
CCF1
9C4E
9D35
BE7B
A597
94F4
BDF7
E73C
C638
9430
D637
D637
D657
CDD6
942F
A4B1
83AD
94B2
CE9A
9CF4
CE9B
DF3D
ADD7
5B6E
538F
4B51
9D57
DF3C
B617
B616
BE57
BE36
BE57
B616
8CB2
BE59
D71C
C6DA
C6BA
C6DB
B639
7C72
42EE
2A0B
1168
2A0B
6C32
AE18
BE99
B658
B638
BE78
CEDA
BE7A
8495
5B71
29EB
430F
CF1C
536D
63EE
C6B9
B638
3ACA
3ACA
3ACA
42EB
3ACA
3ACA
42EB
42CA
42EB
430B
430C
42EB
3ACB
3ACB
3AAB
32AA
32AA
32AA
328A
328A
328B
328B
328B
32AB
328A
2229
32AB
3ACD
2AAD
5C12
9577
534E
3ACC
3AEC
3AEC
3ACC
3AEC
3AEC
3ACC
3ACC
3AEC
3ACC
3AEC
3AEC
3AEC
430D
430D
3ACC
9516
9D56
94F4
9D57
B63A
ADD8
B619
B574
B48F
DDB4
E657
D616
C574
EE77
E637
E637
E637
E637
E637
E637
E637
EE37
EE37
EE57
EE37
EE37
EE37
EE37
EE57
EE57
EE57
EE58
EE58
EE58
EE77
CD52
BCD0
C4F0
C4F0
C4D0
C4D0
C4F0
C4D0
8BCD
ADD8
B619
B619
B619
632D
AD14
7B8D
83AD
D617
D657
D637
DE77
A4B1
942F
9C90
83EF
AD76
B619
CEBB
A597
534F
5390
5BD1
4B30
A598
DF1B
B637
B637
BE57
BE57
BE58
BE78
CEBA
CEDB
C69A
CEDB
BE99
8D14
4B0E
5391
2A2C
21CA
5BB0
A5D7
BE99
B658
AE18
B658
CEDB
C69B
8CD5
42AD
5B6F
B639
5B91
534F
C6DB
9D75
9534
BE78
B638
3ACA
3ACA
3AEA
3AEA
42EA
42CA
42CA
3ACA
42CA
42EB
42EC
42EB
3ACB
3ACB
3ACB
32AA
328A
32AA
3A8A
3AAB
328B
32AB
328B
32AB
328A
2229
328B
3ACC
2A8C
4B91
7C93
536E
328B
32AB
3ACC
32AC
32AB
3AEC
3ACC
3ACC
3AEC
3AEC
3ACC
3ACC
3AEC
3AEC
3AED
3AAC
9516
9535
9515
ADD9
BE3A
9D36
AD97
B512
BCD0
E616
EE77
CDB4
CD74
EE77
E637
E637
E637
E637
E637
E637
E637
EE37
EE37
EE37
EE37
EE37
E638
E638
E638
EE38
E637
E637
E637
E637
EE57
C531
BCD0
C4D0
C4F0
C4D0
C4F0
C4D0
AC0C
7B6B
A577
B63A
B619
BE3A
8411
CDF7
B512
734B
D5F7
D637
D637
D657
CDF5
9C70
A471
8C0F
A556
B619
A597
5B6F
532F
5BB1
53B0
4B50
ADD8
DF1B
B637
B637
BE58
BE57
C678
C679
C69A
CEBA
C699
9D76
5BB0
326C
0128
4B70
5370
9576
C6BA
BE99
B638
B638
C69A
C6BB
9D56
63B1
6BF2
326C
6C52
D71B
8CF5
7C93
B678
B637
B617
B638
B638
42EB
3ACA
42EB
3AEA
42EA
42CA
42EA
42EB
42EA
42EB
42EC
42EB
3ACB
3ACB
3AAB
32AA
32AA
32AA
328A
3A8A
3AAB
3AAB
32AB
32AB
32AB
2229
326B
3ACC
2A6C
4B91
6C52
4B4E
32AB
3ACC
3ACC
3ACC
3ACC
3AAB
3AAB
3AAB
32AB
32AC
32AB
32AB
32AB
32AB
3AAC
328B
9D36
8493
A556
B61A
BE5A
8CB4
A535
AC90
CD11
EE36
EE57
CD94
D5B5
EE57
E637
E637
E637
E637
E637
E637
E637
E637
EE37
EE37
E637
EE37
EE37
EE37
EE37
EE37
E637
E637
E637
E637
EE57
C531
BCD0
C4D0
C4F0
C4F0
C4CF
AC0C
BC8F
B48F
9471
BE5A
B619
BE5A
8C31
B514
C5D6
732B
CDB5
D657
D637
D637
DE57
CDD5
A491
8C0F
94F4
7C73
530E
5350
4B70
5391
5391
4B50
B619
D6FB
B637
B637
BE58
BE57
C679
C679
C679
B618
6C10
3ACC
19E9
0947
2A4C
2A4B
6C32
C6DA
B658
B638
BE9A
CEFB
ADF8
6C12
326C
3ACC
BEBB
5370
7473
C699
ADF8
A5D7
B658
B617
B638
B637
B638
42EB
42EB
430B
430B
430B
42EB
42EB
42EB
42EB
42EC
42EB
42EB
3ACB
3ACB
3AAB
3AAA
328A
328A
328A
328A
3AAB
32AB
328A
328B
32AB
2A29
328B
3ACC
224B
53B2
9598
536F
3ACC
32AC
32AC
32AB
32AB
328B
328B
328B
328B
2A6B
2A6B
328B
2A8B
328B
32AC
3AAC
A598
73D0
BE19
B61A
B61A
8C74
A555
B48F
CD31
EE36
EE77
CD94
D5B4
EE57
E637
E637
E637
E637
E637
E637
E637
E638
E637
EE38
E638
E637
E637
E637
E637
E637
E637
E637
E637
E637
EE56
C531
BCD0
C4D0
C4F0
BCAF
A40C
BCAF
CCF0
CCF1
940F
A5B8
B619
BE3A
8C73
A492
D638
7B4C
C574
DE57
D637
D637
D637
DE77
B512
940F
A534
8473
42CD
5390
4B70
5391
5391
4B30
BE3A
D6FB
B637
B637
BE57
BE57
C679
C69A
C679
9535
21E9
11A9
2209
5BCF
A617
A617
A638
B678
BE99
C6DB
AE19
6C12
2A4B
8516
6413
4B4F
C6BA
9D96
9D76
BE79
B639
B659
B638
B618
B617
B638
C69A
42EB
42EB
430C
4B2C
430C
430C
42EC
3AEB
42EB
42EC
42EC
42EC
3ACB
3AAB
32AA
32AA
32AA
32AA
328A
3AAB
3AAB
3AAB
32AB
328B
32AB
2229
2A8B
3ACC
2A6B
4350
A5FA
4B4E
32AC
32AB
3AAC
328B
328B
328B
2A6B
328B
328B
328B
328B
2A8B
2A8C
32AC
32AD
42CD
AE19
8471
CEBB
B5F9
AD98
9D36
B554
BCAF
CD31
EE56
EE57
D5B4
CD73
EE77
E637
E637
E637
E637
E637
E637
E637
E638
E637
EE38
E637
E637
E637
E637
E637
E637
E637
E637
E637
E637
EE56
CD31
BCD0
C511
BCAF
9BAB
BCD0
C4F0
C4D0
CCF0
A44E
9D15
B619
CE9B
A536
9431
E679
8BAD
B513
DE57
D637
D637
D637
D657
C5B5
8BCE
9491
73F1
4B2F
5390
5390
5390
5390
4B70
C69B
D6FB
B637
B637
BE57
BE57
C679
C699
C679
9535
1167
21E9
8CF4
C6BA
B638
7450
8D54
B659
B659
7431
5B90
6413
19EB
A5B8
84F5
63F2
BE79
BE79
B658
BE59
B638
BE58
B638
BE38
C699
CEDB
D71C
430B
430B
4B2C
430C
4B2C
430C
430C
42EB
42EC
430C
42EC
42EC
3ACB
3AAA
32AA
328A
328A
328A
328A
328A
32AB
3ACB
32AB
328B
328B
2229
328B
3ACC
2A8B
3AEF
84F6
42CC
3AAC
3ACC
3ACC
32AC
328B
328B
328B
328B
328B
328B
328B
2A8B
2A8C
32AC
2A4B
42CD
B619
A575
DF5D
B5F9
ADB8
BE39
B4F2
C4AF
CD31
EE56
EE57
DE16
BD12
EE57
E657
E657
E657
E637
E637
E637
E637
E638
E637
EE38
E637
E637
E637
E637
E637
E637
E637
E637
E637
E637
EE57
D572
C511
C531
9BEC
BCD0
C4F0
C4D0
C4D0
C4D0
BCAF
9CD3
B63A
E77E
BE19
8BEF
EEB9
8BAE
A4B1
DE57
D616
DE77
DE57
DE58
DE58
B4F3
838D
530D
5370
5390
5370
53B1
5391
5371
CEBB
D6FB
B637
BE37
BE57
BE57
C679
C69A
BE59
5B6E
1166
328A
AE38
C6BB
BE39
8472
A5B6
63D1
7413
324A
63F1
B67A
4B70
A5D8
BE59
9D96
B639
BE38
B638
BE59
B638
C659
C679
D6BB
D6FC
D6FB
CED9
430B
430B
4B2C
430C
430C
42EC
430C
42EB
3AEB
42EC
42EC
42EC
3AAB
3AAA
328A
328A
328A
326A
328A
328A
326A
32AB
32AB
328B
32AB
2229
2A8B
3ACC
2A8B
2AAD
7C94
42CD
3ACC
3AAC
3AAC
32AC
328B
328B
328B
32AB
2A6B
2A8B
2A6B
2A8B
2A6B
222A
1A09
3ACC
ADD8
ADD7
EFBD
DF3C
D71C
DEDB
B4B0
C4D0
CD31
E656
E656
EE77
BD12
D5B4
EE57
DDF5
E5F5
E636
EE56
EE57
EE78
EE78
EE58
EE58
EE58
EE58
EE58
EE58
EE38
EE38
EE38
EE38
EE37
EE37
EE57
EE56
BCD1
A40D
BCD0
C4F1
C4D0
C4D0
C4D0
C4F0
BCB0
7BAE
DF1D
EFBE
CE9A
83CE
EEB9
940F
A491
DE98
CDF6
7B0B
938C
B4F1
E678
DE58
83EE
42AB
5BB1
5370
5370
53B1
5391
5BB2
D6DC
D6DB
B637
BE37
BE57
BE57
C679
C679
C679
B618
84F4
7451
B659
C6BA
CE9A
A5B7
C699
538E
8D56
7473
7C93
BE7A
A5D8
B618
BE59
B638
BE39
BE79
BE38
BE59
C67A
D6DB
D6FC
D71B
D6FA
ADF3
6C89
430B
430B
432C
4B2C
430C
430C
430C
42EB
42EB
42EC
42EC
42EC
3ACB
3AAB
328A
32AA
328A
328A
328A
328A
328A
32AB
3AAB
328B
328A
2229
328B
3AAC
328B
2A6C
7454
42ED
3AAC
3ACC
3ACC
3AAC
32AB
2A8B
328B
328B
328B
328B
2A6B
220A
19C8
222A
32CC
32AC
9556
ADD7
E75C
E75D
D6FB
C617
B48F
C4F0
CD11
E636
E657
E657
DE36
B4B1
C4F1
C4F0
C4D0
CCF1
CD32
D573
C533
C573
D594
D5B5
D594
D5B5
D5F5
DE16
DE36
E637
E657
E657
E637
E657
DDF6
B4B0
A40D
C511
C4F1
C4D0
C4D0
C4D0
C4D0
CCF0
B48F
9491
DEFB
F79E
D6DB
7BAE
E6B9
A470
A491
E6B9
C574
4881
ABEC
A42D
9C0F
E658
BD74
52CC
5BB1
5391
5391
53B2
5391
63D2
D6FD
D6DB
BE37
BE37
BE57
BE58
C679
C679
C679
C6BA
C6BB
C69A
BE79
C69A
CE9A
A575
B637
9D96
BEBB
AE39
B639
B659
B638
B638
BE58
BE38
BE79
C69A
C69A
D6DB
DEFC
D6FB
DF1C
AE14
6447
5424
5C83
430B
430B
4B2C
4B2C
432C
430C
430B
42EB
42EB
42EB
3ACB
3ACB
3AAB
3AAB
32AA
328A
328A
328A
328A
32AB
328A
3ACB
3ACC
328B
328A
2229
32AB
328B
328B
224B
6C13
3AEC
3ACC
3ACC
3AAC
3AAC
32AB
328B
32AC
2AAB
328B
2A4A
19E9
19E9
224A
32AC
3AED
224A
6C32
ADF8
DF1C
DF1C
CE9A
BD74
BCAF
C4D0
C4F0
E636
E658
E637
EE78
DDF6
B490
C4D0
C4F0
C4D0
BCAF
AC0D
A3ED
AC4E
B44F
B44F
AC2E
AC4E
AC2E
A42E
9BED
8BAC
8BAC
93CD
9C0E
AC90
AC6E
AC4E
CD73
DD94
BCD0
C4D0
C4D0
C4D0
C4F0
BCCF
B511
CE9A
C618
F79E
CE9A
736D
E699
9C30
A4B1
E6B9
ACB1
6164
BCCE
CDB0
61E5
B4B1
E699
8C51
4B2F
5391
5391
53B1
5391
63F3
DF1D
D6DB
B637
BE57
BE58
BE58
C678
C679
C699
C69A
C69A
C69A
C69A
C69A
C67A
A595
BE58
A5B6
BE7A
BE79
BE59
BE58
B638
B637
BE79
C69A
CEDB
CEDB
DF1C
DF1C
CEDA
C678
A5B4
5C08
3380
43E1
64E4
430B
430B
4B2C
4B2C
432C
430C
430B
42EB
42EB
3ACB
3ACB
3ACB
3AAB
328A
32AA
328A
328A
326A
328B
328B
328A
3AAB
32AB
3AAB
32AB
2229
328B
328B
32AB
222B
6412
3ACC
3ACC
3ACC
3ACC
3ACC
328B
32AC
32AC
2A6A
19E9
19E9
2A6B
32AC
32CC
32AC
2A6B
2A6B
430D
A596
E73C
D6BA
BDF7
B4F2
C4F0
C4F0
C4D0
E5F5
E658
E637
E637
EE78
DE16
BCD0
C4D0
C4F0
C4D0
C4F0
CD11
C4F1
C4F0
C4F0
C4F0
C4F0
C4F0
C4F0
C4F0
BCF0
BCF0
C4D0
C4D0
C4D0
BCCF
CD31
EE36
DDB4
BCCF
C4F0
C4F0
C4D0
CCF0
AC4E
CE37
E75D
B5D7
F79E
BE18
6B0B
E699
93EE
ACB1
E698
B512
A44D
E694
CDD1
D5F2
A46E
DE37
CDF6
5B4F
5390
5391
53B1
4B70
6C13
DF1D
D6DA
BE37
BE58
BE78
C678
C698
C678
C679
C69A
C69A
C69A
C69A
C69A
C67A
A5B6
B657
9555
BE79
B679
BE59
BE58
BE58
C699
CEDA
CEFB
D71C
DF1C
D6DB
BE38
ADD6
B5F6
9D72
6CAA
3B82
3BC2
5462
430B
430B
4B2C
4B2C
430C
430C
430C
3ACB
42CB
3ACB
3AAB
3ACB
3AAB
328A
328A
328A
328A
326A
32AB
328A
328A
3AAB
3ACC
3AAB
32AB
2229
328B
328B
32AC
222B
5BD1
3ACC
32AC
3ACC
32AC
3AAC
3AAC
328B
2209
19C8
2A4A
3AED
3AED
32AC
2A8C
2A6B
32AC
3B0E
32AC
7410
F77D
CE79
B595
93ED
CD10
C4F0
C4D0
DD93
EE78
E658
E657
E637
EE78
D5B5
BCB0
C4F0
C4F0
C4D0
C4D0
C4D0
C4D0
C4CF
BCCF
C4CF
BCCF
C4CF
BCD0
BCD0
BCF0
C4D0
BCD0
C4F0
CD52
E636
EE56
DDD4
C4D0
C4F0
C4D0
C4D0
BCAF
AD12
EF7D
E75D
B5D7
E75D
A555
62CB
E699
838D
B513
DE58
CDD6
8B8B
E694
CDF1
D632
ACCE
BD54
E699
9472
4B4F
5BF2
5BD2
5391
7454
E75D
D6DA
BE37
BE57
BE78
C678
C678
C678
C699
C69A
C69A
C69A
C69A
CEBA
C69A
A5B6
B657
9534
BE7A
B679
B658
BE78
C699
D6FB
D71B
D71B
CEDB
BE39
D6DB
CEBA
BE17
ADB5
ADD5
6429
2B40
4C43
54A2
430B
430B
430B
4B2C
430C
430C
42EB
3ACB
3ACB
3AAB
3AAB
3AAA
3AAB
328A
328A
328A
328A
328A
328A
32AB
32AB
32AB
32AB
3AAB
328B
2229
328B
328C
32AC
2A4B
3AEE
328B
32AC
32AC
3ACC
32AB
2A4A
19E9
2209
3ACC
42ED
3AED
3ACD
2A6B
32AC
3B0E
3B0E
3B0E
3AED
42CC
DF1C
BE18
A513
9BCC
B46E
CD10
C4D0
C4F0
DDB4
E616
E636
E637
E636
DDF5
C4F1
C4D0
C4D0
BCD0
C4D0
C4F0
CD11
CD52
D572
D593
D593
D593
D5B4
DDB4
D5D4
D5D4
DDF5
E636
EE77
E657
E657
E615
C4F0
C4D0
C4D0
CCF1
A40C
BDB4
F79E
EF7E
B5D7
CE9A
94D4
6B0C
DE58
7B2C
C595
D637
DE78
8B6B
82C7
BD0F
CDD1
6A25
AC91
DE78
C5B5
5B4E
53B2
5BD2
5391
7495
E75D
D6DA
BE57
BE57
C678
C678
BE78
C678
C699
C69A
C69A
C69A
C69A
CEBA
C69A
ADD6
B657
8D34
BE5A
BE79
C69A
CEDA
DF1B
DF1B
D6FB
C699
A595
A5B6
636D
6BCE
ADB5
C6BA
C679
9D93
5C26
43E1
5481
430B
430B
4B2C
4B2C
430C
42EC
3ACB
3AAB
3AAB
3ACB
3ACB
3AAB
32AA
328A
328A
328A
326A
328A
328A
328A
328A
328B
328B
328B
328A
2229
328B
328B
32AC
32AC
222A
2A8B
3ACC
3ACC
328B
2209
19E9
328C
3AED
3AED
3ACC
32AC
328C
3ACD
432E
432E
430E
432E
430E
4B0E
CE9A
BDF7
9CB2
AC6E
A3EC
BC8E
CCF0
C4CF
C4AF
C4F0
CD11
CD11
C4F1
C4F0
BCD0
C4F0
C4F0
DDB4
E5F5
E616
EE36
EE57
EE57
EE57
EE57
EE57
EE57
EE57
EE57
EE57
EE57
E657
E656
E656
E657
E657
C511
C4D0
C4D0
BC8F
9BCC
B512
EF5D
F79E
B5B6
ADD8
8432
7B8E
CDF6
7B4C
DE57
D617
DE57
C594
4020
9B6B
DE33
71E5
A40F
DE78
E678
8410
4B50
5BB2
4B50
84F6
E75D
CEBA
BE37
BE57
C678
C698
C678
C678
C699
C69A
C69A
C69A
C69A
CE9A
C69A
ADD6
B637
9D55
C69A
D6DB
DF1C
DF1C
D6DB
C679
B616
A5B5
9D74
9533
29E7
3207
1964
3208
7410
B5D8
C699
A5F2
7D0B
430C
430C
430C
4B2C
42EC
42EC
42CB
3AAB
328A
32AA
3AAB
32AA
328A
328A
328A
328A
326A
326A
326A
328A
328A
328A
328A
328B
328A
2229
32AC
32AB
32AB
32CC
2A4A
328B
32AC
2229
19E9
2A4B
3AED
42EE
42EE
3AED
328C
328C
3AEE
430E
4B4F
4B50
4B4F
432F
430F
4B2F
C659
B596
A555
9471
B4AF
A3CC
BC8E
CCF1
C4D0
C4D0
C4D0
C4D0
C4D0
C4F0
B46F
C4D0
CD32
F657
EE57
EE57
EE57
E637
E637
E637
E637
E637
E637
E637
E637
E637
E637
E637
E657
E657
E657
EE57
DDD5
BCCF
CD11
AC2D
AC6E
ACD1
EF5D
F79E
C618
ADB7
6B6E
A491
B533
940F
E678
D617
D637
DE78
9B8D
50A2
D5B2
82A7
9BEE
E679
E658
B554
3AAD
5350
4B50
8D37
E77D
CEBA
BE58
BE37
C678
C698
C678
C678
C69A
C69A
C69A
C679
C679
C69A
CEBA
B5F7
B637
ADD7
D6FC
DF3C
D6DA
BE58
ADF6
A5B5
9DB4
9D93
9D93
8CF3
5B4D
ADD6
8CF2
5B8D
1983
1144
42AA
8492
B638
430C
430C
430C
42EB
42EC
42EC
42EB
3AAB
328A
32AA
32AA
328A
328A
328A
328A
326A
326A
326A
328A
2A6A
2A6A
328A
2A6A
328B
2A6A
2229
32CC
3AAC
3AEC
3AEC
2A6A
2229
19C8
2209
328C
3AED
3AED
42CE
3ACD
328C
32CD
3ACD
3ACE
430E
4B70
4B4F
430F
42EE
3ACE
42EE
B5D7
BDF7
AD77
ADD8
8C0E
B48F
A40C
AC6E
CCF1
C4D0
C4D0
C4F0
C4F0
CD10
AC2E
AC0D
D552
EE57
E657
E637
E637
E637
E637
E637
E637
E637
E637
E637
E637
E637
E637
E637
E637
E637
E637
EE57
F698
DDF5
CD11
BC6E
CD31
6AA9
C638
F7DF
D69A
9D35
5AAB
C595
A491
A471
DE78
D637
D637
D637
DE57
82CA
5040
50A1
BD13
DE78
DE37
CE17
6BD0
5391
4B30
9D98
E75D
D6DA
BE58
BE37
BE78
C698
C678
C678
C699
C69A
C69A
BE79
BE59
C69A
C69A
ADB6
B657
ADF8
D6FB
C699
ADB5
A5B5
ADF6
9DB4
9593
9572
9573
8D13
5B4C
A595
ADF6
8D30
32E3
22A2
2AA3
19C2
21A5
430C
430C
430C
430C
42EC
42EC
3ACB
3ACB
3AAB
3ACB
3AAB
32AA
328A
328A
328A
326A
328A
326A
2A6A
2A6A
326A
2A6A
2A4A
2A4A
21E8
19C8
2A4A
2A2A
2A4A
2A09
19C8
19C8
2209
2A6A
32AC
32AC
3ACC
3ACD
32AC
3ACD
3AED
3ACD
3AEE
4B4F
4B6F
4B4F
4B0E
4B2F
534F
4B2F
9D14
BDD7
AD77
BE3A
A597
9450
A44F
9C0D
9C0C
BCAF
CD11
C4D0
C4D0
C4D0
C4D0
9B8B
BCAF
DDB4
E657
E657
E637
E637
EE57
EE57
EE58
EE78
EE78
EE78
EE78
EE78
EE78
EE78
EE78
EE58
EE58
DDD6
C532
BCF1
C4F0
C4D0
CD30
5A47
738D
FFDF
EF7E
9CD3
5249
DE38
83AE
B513
DE58
D637
D637
D637
DE57
DE57
7A69
61A6
D617
DE37
D617
D617
B575
CEFB
ADF8
C65B
E71C
D6FB
BE58
BE57
BE58
BE78
BE78
BE58
BE18
C69A
C69A
BE59
ADB6
C679
CEBA
B5F7
BE77
A5B6
B616
ADD5
A5D5
ADF5
AE16
9DB4
8D31
8D31
9573
8D12
534C
9D94
9574
74AE
7D2E
53E6
3B81
5C85
4383
430C
42EC
430C
430C
430C
42EC
42EC
3ACB
3AAA
3ACB
3AAB
3AAA
328A
326A
328A
326A
326A
326A
2A4A
2A6A
2A49
2229
19E8
19C8
21E8
2A29
2209
19A8
1146
1126
2209
5BF0
9576
A618
AE18
AE39
AE39
AE39
BE5A
C69B
C69B
C69B
C6BB
CEDC
CEDC
CEFC
D6DC
DEFC
E75E
C67A
8C92
ADB6
ADB8
B5F9
B61A
BE1A
A556
9CF4
8C71
7B8C
AC2E
CD11
C4D0
C4D0
CCF0
BC8F
9BAC
BCAF
D5D4
E636
EE57
EE58
E617
DDF6
D5B5
CD73
CD73
C552
C512
C532
C532
C512
B4B0
B490
B470
AC4E
AC4E
BCCF
C4D0
CCF0
B48E
A490
5227
BDD7
FFFF
9492
6AAB
DE58
730B
C5B5
DE37
D637
D637
D637
D637
DE57
DE37
C554
D617
D617
D617
DE58
A4F2
C636
DEFA
D6DA
D6DB
CE9A
BE37
C678
C678
C678
BE78
AE17
A5D7
BE38
CEBA
CEDB
BE59
B618
CEDA
B616
B657
9D53
9D73
9DB3
9DB4
A5D4
A5F5
9D93
9552
8D31
9572
9533
534C
9574
9553
9552
9DB3
6C4B
6467
5C24
5C63
42EB
430C
4B2C
430C
430C
42EC
42EC
42EB
3AAB
3AAB
3AAA
32AA
328A
328A
328A
326A
326A
2A49
2A29
21E8
19A7
19C7
2209
2A4A
326A
2A29
1187
1186
21C8
42CC
8D35
DF5D
EFBE
EFBE
E79E
E77E
E79E
EF9E
EF9E
EF7E
EF9D
EF7D
EF7D
EF7D
F77D
EF7D
EF5D
EF5D
F77D
D69A
94D2
ADB7
ADD8
A598
B619
ADF9
B5FA
ADB9
A577
94F5
8410
AC4F
CCF1
C4D0
C4F0
CD10
BCAF
9BAB
B46E
DDF5
E656
BD11
9BED
9BCD
A3EC
9BEC
A40D
A42D
A40C
A42D
AC2E
AC4E
B46E
BCAF
BCEF
C510
C510
C4F0
C4D0
CCF0
AC4E
C574
93EF
5249
FFFF
8C11
93EF
CDB6
6ACA
DE58
D637
D637
D617
D637
D637
D637
D637
DE37
D617
D617
D617
DE58
B554
BDD5
C636
BDF5
D698
C638
A596
C65A
C659
C659
C679
9D54
9555
AE18
B638
C6BA
CEDB
CE9A
CE9A
B5F6
B657
9513
9D73
9DB3
9573
9DB4
9DD4
9572
9552
8D51
9572
9533
534C
9D94
9D94
9552
9D93
AE36
4B09
08C0
3284
4B0C
430C
430C
430C
42EC
42CB
42EC
3AEB
3AAB
3AAA
328A
328A
328A
328A
326A
326A
2A29
21E8
19C7
19C7
21E8
2A49
2A49
2208
19A7
1186
19A7
326A
7431
C69A
EFBE
E77D
E73C
DF1C
D6FB
D71B
DF3B
DF3B
E75C
E75D
E75C
E75C
E73C
E73C
DF3C
DF1C
DF1C
D71B
DEFB
D6BA
AD75
AD96
B619
B5F9
B619
9536
9515
A577
ADB8
B619
BE3A
9492
A42F
C4F0
CD10
C4F0
C4F0
C4D0
9B8B
C532
DDF4
AC8F
BCD0
C4F0
C4F0
C4F0
CCF0
CD11
CCF0
C4F0
C4D0
C4F0
CD31
CD31
C4D0
C4F0
C4F0
C4F0
C4F0
CD11
A42D
C595
DE38
49A6
A514
6AEC
C575
A471
7B6C
E699
D637
D617
D617
D617
D617
D617
D637
D637
D637
D617
D617
DE38
C575
BD94
C635
CE76
D6B8
D6D8
CEB9
C658
D6FB
DF1B
DF1B
DF1B
C69A
ADD8
ADF8
B638
BE59
C67A
CEBA
B5F7
BE57
8CD2
9D73
9DB4
9D93
9D93
9DB4
9552
9552
9572
9572
9513
534C
9D94
9574
9D94
9D94
A5D5
42C8
08C2
0062
4B0C
4B0C
4B0C
4B2C
42EC
42CB
42EC
3ACB
3AAB
3ACB
328A
32AA
328A
326A
2A49
2208
19C7
19C7
2208
2A49
2A49
2208
1186
1186
19C7
2A49
6C10
B659
E7BE
E7BE
E75D
DF5D
D71B
CEDA
CEFB
D6FB
D6FB
D6FB
DF1B
DF1B
DF1B
DF1B
D6FB
D6DA
D6DA
D6FB
D6FB
D6FA
D6FA
D6DA
AD75
A535
BE1A
B5F9
B5F9
B619
B61A
B61A
B619
B5F9
BE19
BE39
A515
9C30
AC4E
BCCF
C4F0
CD10
BCAF
9BCC
EE56
D5D4
C532
CD52
D5B3
DDD4
E615
E615
E615
E5F5
DDD4
DDD4
DDD4
CD32
C4D0
C4D0
C4F0
C4F0
CD11
D551
6A67
940F
F6FA
8BAE
3966
62AA
E679
72EB
A4B1
DE78
D637
D617
D617
D617
D617
D617
D617
D617
D617
D617
D617
DE37
C595
C615
DF19
DEF9
DF19
D6B7
B591
B591
C636
D6B9
DF1B
DF1B
DF3B
D6FB
B618
A5B6
BE58
C679
CE9A
ADD6
B637
8491
9553
9DB4
9D93
9DB3
9D93
9572
9572
9572
9D93
8D13
534C
9D94
9574
9DB4
9D94
A5D5
5B29
29A3
0081
430C
4B0C
4B0C
4B0C
430C
42CB
42CB
3ACB
3AAB
3AAA
3AAA
3AAA
2A49
2208
19C7
21E7
2208
2A49
2A49
2208
1186
1166
21E8
2A29
430C
9575
DF7D
E7BE
E77D
DF3D
DF3C
E75D
DEFB
CEB9
C699
C678
C678
C698
C699
CEB9
CED9
D6B9
D6B9
DEFA
DEFA
DEFA
DF1B
DF1B
DEFB
E71B
A554
9D15
BE3A
BE3A
B5F9
B5F9
B5F9
B5F9
B5F9
B5F9
B5F9
B5D8
BE19
B5F9
A515
9C92
9C4F
942F
942F
83AD
BD33
F6B8
EE56
EE56
EE77
EE57
EE77
EE56
DE15
D5B4
CD72
C511
C4B0
C4D0
C4D0
C4F0
CD11
CD11
B44E
A40D
A470
51C7
D5F7
CDD7
3925
93EF
CDF7
6269
D617
D637
D637
D617
D617
D617
D617
D617
D617
D617
D617
D617
D617
DE37
CDB5
B593
CE76
D676
C635
AD51
BDB2
BDB1
C5D2
CE56
CE99
D6FB
DF1B
DF1B
DF1B
C69A
ADF7
BE38
CEDB
B617
B636
8490
9573
9DB3
9D93
9DB3
9D93
9573
9592
9572
9D93
8D13
534C
9D94
9D94
9DB4
9DB4
A5D5
6B49
5AA5
41E4
430C
4B0C
4B0C
42EB
42EB
42CB
42CB
3ACB
3AAA
3AAA
2A49
21E7
19C7
21E7
2A29
2A49
2A49
2208
1986
1166
19A7
2208
3ACB
7CB3
CEDB
EFDF
E77E
E75D
DF3D
DF3C
DF3B
DF1B
D6D9
C678
C678
C677
C698
C677
C657
C677
CED8
DF1B
E73B
E75C
E75C
E73B
D6DA
D6BA
D6BA
DEFB
AD75
9CF4
BE19
94D4
B619
B61A
B5F9
B5F9
B5F9
B5F9
BE3A
CEDB
CEDB
B639
B63A
B63A
B5F9
ADB8
ADB8
B61A
8C51
CD93
EE77
EE56
E636
E615
D5D4
C532
BCD0
BCD0
BCCF
BCD0
C4F0
CD11
CD31
BCD0
A40D
9BCD
9C2F
BD53
E6B9
7B2C
72EB
EEBA
8BCF
CDB6
93EF
83AE
E699
D617
D637
D617
D617
D617
D617
D617
D617
D617
D617
D617
D617
DE38
C5B5
BD92
CE14
A4EF
A4F0
B571
B571
B591
BDD2
B550
B5B2
CE98
DEFB
DF1B
DF1B
DF3C
CEBA
BE18
CE9A
A595
B636
84B0
9573
95B3
9592
9DB3
9D93
9573
9572
9572
9D93
8D13
534C
9D94
9D94
9DB4
9DD4
A5D5
6B69
8B88
9388
42EC
42EC
42EC
42EC
42CB
42CB
42EC
328A
2A29
19C7
19C7
21E8
2A49
326A
3269
2208
1986
1186
19C7
2208
3269
6C10
BE7A
EFBF
EF9E
E75C
DF1B
D6FB
DF1B
D71B
D6DA
CED9
CED9
CEB9
CE98
C657
C678
CE78
CE98
CE98
D6B8
DEFA
DF1A
DF1A
DEFA
DEFA
DED9
D6B9
CE78
CE98
BE17
7BF0
BE1A
9515
9D15
ADD8
B61A
B61A
BE39
CEDC
E75D
EF7D
E77D
C65A
B5D8
B619
B61A
B61A
B61A
B61A
ADB9
8C2F
BCF0
D572
CD32
C4F0
C4F0
C4F1
CD11
CD11
CD11
CD11
BCAF
A40D
938C
8BAC
9C4F
C5B5
DE58
DE58
DE58
D617
5A28
A492
E699
D617
6269
BD74
DE37
D617
D637
D617
D617
D617
D617
D617
D617
D617
D617
D617
DE37
DE58
CDD5
A4CF
9CAF
ACEF
B551
BD71
BDB2
BD91
9C8E
946D
BDD1
C633
C636
D6DA
DF1C
DF1B
DF3B
DF3C
C699
AD95
B636
84B0
8D52
9DB3
9DB3
9D93
9593
9572
9572
9572
9D93
8D13
534C
9D95
9DB4
9DD4
A5F5
A5F5
6B49
8B88
9BC9
42EC
42EC
42EC
42EC
42CB
3AAA
2A28
19C7
21E7
2A29
326A
326A
3269
3249
19C7
1186
21E7
2A28
2A49
63AE
ADF8
E77E
EF9F
E75D
DF1B
CEB9
C697
C697
CEB8
CEB9
CEB9
D6D9
D71A
DF3A
DF3B
CED9
C698
C678
C637
C657
CE77
CE78
D6D9
DEF9
DEF9
D6D9
D6D9
DEF9
DEF9
D6D9
E73A
9D13
94F5
C65B
B5D9
9D36
9D35
ADD7
D71C
EF7D
EF7D
EF7D
EF5D
DEFC
BDF9
B5F9
B619
B61A
B61A
B5F9
BE3B
B5F9
9472
9C70
AC70
B490
A42E
A42E
A44E
9BED
8B8B
832A
834B
9C4F
BD74
D637
DE78
D657
D637
D637
D617
ACF2
8BCE
51E7
DE17
A471
7B2C
DE78
D617
D637
D637
D617
D617
D617
D617
D617
D617
D617
D617
DE37
D617
BD54
B512
A4EF
BDB2
BD92
B551
B551
AD30
944C
A4AE
CE14
CE13
C5F2
C5F2
C5F4
CE58
DF1B
DF1B
D6FB
CE99
B5F6
B655
84D0
9552
95B3
95B3
9DB3
9552
8D11
8D32
9572
9D93
8D13
534C
9DB5
9593
9D93
A615
A615
6B6A
9388
9BC9
42EC
430C
3ACB
326A
2208
19C7
2A08
3249
326A
3269
3269
3269
21E7
1986
19A7
3249
3269
4B0C
9575
DF5E
EF9F
E75E
E73D
D6DA
C657
BE16
BE35
BE15
CEB7
DF3A
DF5B
E75B
E75C
DF1B
DF1B
CEB9
C657
C657
CE78
CE77
C637
BE16
BE16
CE98
E73A
E73A
E75A
EF7B
E73A
DF1A
D698
D699
A514
A577
BE3A
BE1A
B5B9
CE7A
CE99
C638
C679
CE9A
DEFB
EF7D
DEFC
BDFA
B5F9
B5F9
B5F9
ADD8
A576
A597
B63A
ADD7
B5F7
9CD3
7B8C
8C4F
944F
942F
942F
944F
C5D5
E699
DE58
D637
D637
D637
D637
DE37
B513
9C50
ACD2
6ACA
626A
6249
BD54
DE57
D637
D617
D617
D617
D617
D617
D617
D617
D617
D617
DE38
D5F6
A4B1
9C70
940E
9CCF
AD0F
B510
BD72
B530
9C6E
BD71
D613
C5D2
C5D2
CE13
CE33
948C
A510
CE99
DF1B
DEFB
CEBA
B615
BE96
8CF0
8D32
9D93
9DB4
9D93
8D11
84F1
84F1
9572
9D94
9514
532B
9D94
9572
8D31
9DB3
AE15
6B6A
8B88
A3EA
3ACB
3249
21E8
21C7
2A08
326A
326A
3269
3269
3249
21E7
19C7
21C7
21E7
2A08
3ACB
8CF4
D73D
EFBF
EF9D
DF3C
DF1B
D6FA
CE99
C698
CE99
CE98
C657
BE16
CEB8
DF3A
D6FA
D6FA
DEFA
DEFA
DEFA
CE98
BE15
BDF5
BE16
C637
CE77
CE98
CE98
D6B8
DEF9
DF19
D6F9
D6D9
D6D9
DED9
D6B9
CE78
9CF3
94F4
B5F8
C67B
EF7E
EF7D
E73C
DEFB
CE9A
C638
C659
D6DB
DF1C
BDF8
9D36
9D56
9D36
9D56
ADD8
B63A
BE3A
94D3
83EF
9C91
A491
A491
A491
A471
ACD2
D637
D637
D617
D637
D637
D637
DE57
C574
9C70
A491
A470
ACF2
6AEB
6ACA
DE58
D637
D637
D617
D617
D617
D637
D637
D617
D617
D617
DE38
CDB6
A491
9C70
A490
83CD
A4CF
ACF0
ACF0
942D
8BEC
C592
DE54
DE54
DE74
D633
C5F2
946C
9CCD
AD2E
AD30
C637
DF1B
D6DA
B616
C6B6
84D0
9553
A5F5
A5F5
9D94
8D32
8D11
8D11
8D52
9553
9513
532B
84F1
7CB0
7CAF
746F
84F1
52E8
72E7
A40A
21E7
21E7
2A49
328A
3A8A
328A
3269
3249
21E7
19A6
21E7
2A29
2A08
2A49
7451
C69A
EFBF
EF9F
E73D
DEFB
D6FA
DF3B
DF1B
CE98
C657
C636
BDF5
B5D4
BDF5
B5D4
D6D8
DF19
D6F9
D6D9
D6D9
D6D9
DEF9
CE98
C657
CEB8
CE98
CE77
C636
BE16
BE16
C657
D6D8
DEF9
DEF9
D6D9
DED9
DED9
D6B8
D697
AD93
94F2
D6FC
F79E
EF5D
EF5D
EF7D
EF7D
EF7D
EF5D
E73C
EF5C
EF5C
D6DA
BE39
B619
BE5A
BE3A
A577
8C30
8BEF
A491
A471
A471
A471
A471
A471
A471
B513
D5F7
DE38
D637
D637
DE37
D5F6
A491
A471
A491
A470
ACF2
D637
D617
D637
D617
D637
D617
DE37
D617
D617
D617
D617
D617
DE38
C5B5
A470
A470
A490
A490
8BED
8C0C
83CB
7B8A
940C
B551
BD71
B52F
BD70
CDF2
CE13
ACEE
B570
CE33
BD90
ACEE
AD2F
C635
BE18
8490
8CF1
742E
6BEE
6C0E
742E
742D
6BED
638B
63AB
63AB
73ED
8CF3
4AEA
6BCC
5B6A
5B8A
636A
6BAB
4287
1902
5225
3249
3AAA
3A8A
326A
326A
3249
29E8
19A6
21C7
3249
3249
2A08
536D
AE18
EFBF
EFBF
E77E
DF1C
D6DA
D6FA
DEFA
D6F9
D6D9
CE77
BDF5
C656
CE57
C656
C636
B5D4
AD73
D6D9
DEF9
DF1A
DF3A
E77B
E77B
DF3A
C677
BE16
BDF5
BE16
C636
C637
C658
C657
C637
D698
DED9
D6D8
DEF9
E71A
E73B
E73A
E73A
C635
9D12
BE17
DEFB
EF7E
F79E
F79E
EF7D
EF7D
EF7D
EF7D
EF7E
F7BE
EF9E
C67A
9D35
8C71
8BEF
9C50
A491
A471
A471
A471
A471
A471
A471
A471
A430
AC92
CDD6
DE37
D637
D637
ACF2
9C50
A471
A471
A471
ACD2
DE38
D637
D617
D617
D637
D5F7
D617
D617
D617
D617
D617
DE37
C595
A470
A470
A471
AC71
9C30
9C8F
B530
83EB
946C
944B
8C2B
9C8D
ACEF
B550
AD0F
8BEB
A48D
B530
B550
BD91
BD91
BDB1
B54F
94AE
846E
9D33
BE17
94F3
636B
7C0B
8C6C
8C8C
948C
94AD
9CED
A530
94F3
42CA
9CCF
A4ED
AD0D
AD2E
B54E
B54F
844C
31E5
3A8A
3A8A
3A8A
3269
29E8
19A6
21C7
2A28
3249
2A28
42CB
9555
DF7E
F7BF
EF7D
D6FB
BE16
CEB9
CED9
D6B8
D6D8
D6D9
D6D9
D6D8
C636
B5D4
B5B4
B5D4
BDF5
BDF5
BDF5
CE77
E77B
E75B
DF1A
D6F9
D6B8
CEB8
CE98
BE36
C616
C657
C657
BE36
BDF5
B5D5
B5D5
BDF6
D6B8
E75A
E75B
E73A
DEF9
D698
CE56
C635
BE15
B5B4
AD94
A513
B595
C638
D699
DEFA
DEDB
D6DB
D699
C617
AD54
9491
8C0E
9C4F
A490
A471
A471
A471
A471
A471
A471
A471
A471
A471
A471
A451
A471
CDD6
DE58
BD54
9C50
A471
A471
A471
9C10
A471
DE58
D637
D617
D617
D637
CDD6
CDB6
DE37
D617
D617
DE58
CDB6
A470
A470
A471
AC71
AC92
8BEF
7B8A
940B
C5B0
DE94
D652
BD8F
A4AC
944B
8BEB
7329
9C4D
ACCF
9C6D
944D
9C4D
A4AE
A4AE
ACEE
DE74
CE34
AD31
CE77
E73B
D698
A511
948C
A4EE
AD2E
AD2E
AD2E
AD70
94F3
42AA
9CCE
AD0D
B52E
BD6F
BD6F
BD6F
BD8F
B54E
3A8A
3A6A
2A08
21A7
21A7
2A28
3249
2A08
3A69
8492
D6FC
EFBE
EF9D
E73C
CE78
BE16
AD93
D6D8
D6D9
D6D9
D6B8
CEB8
CE98
D698
C656
BDD5
C616
CE78
D6B9
CE77
C615
AD93
BE36
D6D9
CE77
CE77
CE98
D6B9
D6D9
CEB8
BE15
B5B4
B5B4
B5D5
BDF5
CE37
CE57
CE57
C616
CE57
CE97
CE56
C635
C635
C656
CE77
C636
B5B4
B593
942F
8C0E
8C0F
8C2F
8C2F
8C30
8C30
8C0F
8C2E
942F
A471
A491
A471
A471
A471
A471
A471
A471
A471
A471
A471
A471
A471
A471
A471
A451
ACB1
BD54
A471
A471
A471
A491
ACB1
83AD
A491
DE78
D637
D617
D617
D617
D5F6
BD54
D617
D637
DE58
CDB6
A471
9C50
A470
A471
A471
AC92
7B6C
8BEC
A4EE
ACED
B52E
C5B0
D652
DEB3
C5D1
942B
8BEB
7B8A
7B49
838A
8BEC
A48E
8BEC
83AA
B530
BD91
CE13
CE13
A4F0
C616
E71B
D6F9
ADB4
8C8D
9CCD
AD2E
A50E
AD50
9513
42A9
9CEF
AD2F
AD2E
B52E
B54E
B56F
B54F
AD0D
2A28
19A6
19A6
2A08
3269
2A29
2A28
6BF0
BE7A
EF9F
F79F
EF5D
D6B9
BE16
C637
C657
BDF4
CE77
CE97
CE77
CE97
D6B8
D6D8
DF19
E73A
D6B8
C636
BE16
BDD5
B5D4
AD93
B593
A552
BE16
D6B8
D698
CE78
CE78
CE77
D6B8
CE97
B5F4
B5D5
CE57
CE58
C616
B5B4
AD53
AD33
AD53
B5B4
C635
CE56
CE56
C615
BDB4
BDD3
BDF4
CE76
B572
944F
A491
A490
A490
A470
A491
A491
A491
A491
A471
A472
A472
A472
A471
A472
A472
A472
A472
A471
A471
A471
A471
A471
A471
A471
A451
A471
A471
A471
A471
A491
A4B1
838D
BD54
DE58
D637
D617
D617
D617
DE37
B533
CDB6
DE58
CDB5
9C50
9C50
ACD2
ACB2
A451
AC71
9410
83AC
BD92
BD91
B54F
A4CD
A4CD
B54F
A4ED
9C4C
ACEF
ACEF
9C8D
8C0B
838A
7329
7309
6B28
A4CE
B550
AD0F
ACEE
B54F
BD91
7BAA
9CD1
DEFA
DF1A
BE36
94AF
7BCB
8C6C
9CEF
94F3
3A69
94AE
9CCD
9CCD
9CAC
9CAC
A4CC
9CAC
9CAC
21A6
2A28
3A69
3229
2A08
534D
ADF8
E79E
E7BF
E77E
DEFC
CE58
BDF5
BDF5
B5B4
B5B3
AD93
BE15
D6B7
DEF8
DF19
E73A
E73A
DF19
D6D8
BE15
A551
AD72
AD93
BDF4
BE14
BE15
BDF4
AD52
C636
CE77
CE97
D697
D6D8
DEF9
E71A
DEF9
BDF5
B574
AD53
A532
AD52
AD73
B5B4
BDF5
B5B5
B5B4
BDF4
BDD3
BDD4
CE36
DEB7
E6F8
E719
CE56
8C0E
A491
A471
A471
A471
A471
A471
A471
A471
A471
A471
A471
A471
A471
A471
A471
A471
A471
A471
A471
A471
A471
A471
A471
A471
A471
A471
A471
A471
A471
A491
A470
940F
D617
D637
D637
D637
D617
D617
DE38
C574
BD33
C595
9C50
BD74
9C91
ACD2
D617
B4F3
A451
93EF
8C0D
9C6E
A4CF
BD71
BD72
BD92
9C8D
8BEB
944D
942D
9C8E
8BEB
A4AE
B511
ACF0
942D
9CCE
9C8D
9CAE
AD30
B571
B550
A4AE
83CB
6329
842E
D6B9
DF1A
D6B9
9D12
7BEC
94AE
B5F5
5B4C
5B29
5B08
94AD
BD90
B56F
B54F
AD2E
B54F
3A8A
3A69
2A08
4AEC
9555
DF5D
EFDE
E77D
DF1C
CE78
B594
A552
AD72
AD93
B5B3
BE15
C635
BDF5
DED8
DEF9
D6D8
CE96
C655
C635
BE14
C615
A531
B5B3
BDF3
B5D4
B593
A532
9D11
9D11
B5B4
DED8
DEF9
DF19
DEF8
D6D8
D696
CE55
BDD4
AD52
AD73
B5B4
BDD4
BDB4
B5B4
B593
A511
9CD0
AD72
D697
DEF8
DED8
DED8
DED8
DED8
B5B3
7BAC
A491
A471
A471
A471
A471
A471
A471
A471
A471
A471
A471
A471
A471
A471
A471
A471
A471
A471
A471
A471
A471
A471
A471
A471
A471
A471
A471
A471
A471
A491
9C2F
ACF2
DE58
D637
D637
D637
D617
D617
DE37
D5F7
A491
9C50
E6DA
FFFF
DEBA
CE18
B554
BD74
9C50
9C90
CE15
BD72
AD10
BDB3
BD93
BD94
9C8F
ACF1
BDB5
AD32
A4F1
83CD
AD32
BDB5
B573
C5F4
C612
CE33
C5F3
C614
B571
948E
944E
AD12
B594
83ED
73AB
C616
E6FA
D6B8
AD73
9D12
B5F6
7C4F
7C4E
4A88
844E
AD72
C614
B571
B550
BD71
3249
4AEB
8CF4
D71C
E7BF
E79D
DF3C
D6BA
AD53
AD93
B5B3
B5D4
BDF4
BE15
C636
C636
C615
A532
B593
C635
BDF4
BDF4
BDF4
BDF5
C616
C636
AD73
9CEF
A511
9CF1
A512
AD73
B5B4
BDF5
B5D4
C656
DEF8
D6B7
C655
BDF4
BDF4
BDF4
C615
C615
B5B4
B593
AD73
A512
9CB0
9CD0
A531
B593
BDB4
C5F4
D697
DEF8
D696
BDF3
BDD3
9CCF
94AF
942F
A471
A471
A471
A471
A471
A471
A471
A471
A471
A471
A471
A471
A471
A471
A471
A471
A471
A471
A471
A471
A471
A471
A471
A471
A471
A471
A471
A471
A491
940E
BD74
DE58
D637
D637
D617
D617
D617
D617
DE38
ACB1
C616
D699
BDD7
B596
DEBB
B595
9C91
8C0F
9C90
D635
D634
C614
CE56
BD93
B533
944F
732A
BDB5
AD54
AD12
8C2E
AD12
AD32
BD94
BD93
AD50
BDB2
CE14
CE34
C614
8C2D
8C2E
A4D1
A4F2
9CB1
6B6A
9CD1
CE57
DED9
D6B8
C637
A534
7BCE
8C8F
9CF0
9D32
5AE9
94D1
9C8E
AD0F
C5F3
8CB3
CEDB
EF9E
E77D
DF5D
D6DA
CE99
D6D9
A532
C615
C636
BE15
B5D4
B5B4
AD52
A511
9CF1
9CF0
9CB0
BDF5
BDF5
BDF5
BDD5
BDB4
BDB4
BDB4
C5F5
A531
AD52
BDD5
C636
C636
BDF5
B5B4
B593
A531
B5B3
BE14
BDF4
BDF4
C5F5
C5F5
C615
BDF4
B593
9CAF
948F
A4F1
AD72
BDB3
B5B4
B594
B594
B573
AD72
B592
B572
BDD3
AD71
B591
B591
8BEE
AC71
A471
A471
A471
A471
A471
A471
A471
A471
A471
A471
A471
A471
A471
A471
A471
A471
A471
A471
A471
A471
A471
A471
A471
A471
A471
A471
A450
ACB1
9C2F
CDF6
D637
D617
D637
D617
D617
D617
D617
DE37
C595
CE37
A513
E6DB
BD96
CDF8
DEBA
8C0E
83CD
B552
BD72
B551
BD72
C5D4
BD94
C5F5
9C6F
9C6F
A4D2
B574
A512
7BAC
8C2E
C5D5
C5D5
B593
9C8E
AD10
C5D3
BDD3
9CD0
946F
A4F1
BDB4
B573
83ED
9C90
8C0E
8C2E
9490
D698
D6B9
AD75
842F
9490
9CCF
9D10
5AE9
8C90
738C
6B6A
AD51
EF9E
E77E
E75D
D6FB
CE99
D6B9
DEFA
E71A
AD53
B5B4
B594
A511
9CD1
9CF1
A511
A511
AD52
B573
944F
BD94
BDB4
B593
B573
BDB3
C615
DE97
E6D8
DEB7
BDB3
BDF5
BDF5
B5D4
AD52
A511
A511
AD32
9CD0
B593
BDF5
BDF4
BDD4
B5B3
AD72
B572
BDD3
C5D3
B572
B593
B5B3
BD94
BD94
AD53
9CD1
9490
9CD0
AD51
BDD3
BDD3
948E
C634
B5B1
83ED
AC91
A471
A471
A471
A471
A471
A471
A471
A471
A471
A471
A471
A471
A471
A471
A471
A471
A471
A471
A471
A471
A471
A471
A471
A471
A471
A471
A471
BD33
A4B1
DE58
D637
D617
D617
D617
D617
D617
D617
D617
D617
B574
AD33
BD96
C5D6
C5F7
A4B1
83CE
83ED
B572
B552
A4AF
83CC
A4B0
946F
ACF2
ACF1
A4D1
A4D1
A4D1
A4F1
7B8B
944E
AD32
AD32
BD92
AD10
B530
B572
A4F1
8C0E
840D
9CD0
8C2E
9490
9CD1
7BAC
83CD
946F
6B29
8C6E
C636
A534
6B8D
B5B5
7BCC
9CEF
AD30
94AE
4247
52A9
844E
E77E
E75D
D6DA
D6D9
DF1A
DF1A
DEF9
DEB9
9CF1
94B0
A532
A552
AD73
B593
B573
B573
B573
B573
944E
A4D0
C5F4
CE36
DE97
E6F8
E6F9
E6F9
E6F8
E6F8
BDD3
AD52
AD72
AD32
B593
B593
B593
B593
AD72
9CF0
B5B3
B5B3
B592
BDD3
D655
DEB6
DED7
DED7
CE55
B594
B594
AD53
A4F1
A4D0
A511
AD52
AD52
AD72
B592
8C6D
A530
D674
C613
8C2E
AC92
AC92
AC92
AC92
AC92
AC92
AC92
AC92
AC92
AC91
AC92
AC92
AC92
AC92
AC91
AC92
AC92
AC92
AC92
AC92
AC92
AC92
AC92
AC92
AC92
AC71
A491
D5F6
B533
C5B5
DE78
DE58
DE58
DE58
DE58
DE58
DE58
DE58
DE58
DE58
CDF6
9C91
9C91
A4B1
9C70
9C51
8BEE
A4D0
9CAE
AD10
8C2C
944D
942D
7B8B
7B6B
83AC
83CC
942E
942D
83AB
BD50
B52F
9C6C
942C
942C
A48E
ACEE
ACCE
7B8A
83CC
7BAB
7BAC
7B8B
7BAC
83CD
83EE
8C0E
7BAB
A4CF
BD50
8C0C
B554
C637
CEB8
C636
8C4E
8C4C
A52E
94AD
5AE8
3A06
CEDB
C657
D6B8
D6D9
CE77
BE15
BDF4
BE15
9CD1
9CF1
B594
AD73
A552
AD52
AD32
9CF1
946F
948F
9CB0
AD31
DEB7
DEB7
DE97
D697
DEB8
D697
CE55
BDF3
B572
8C4E
AD72
AD72
AD72
AD72
AD72
AD52
A511
948D
9CAE
C5D3
D655
D676
D675
D675
CE75
CE75
D676
B572
948F
9CB0
A511
AD12
A511
A511
A511
A511
9CF0
7BCB
C5D3
BDB2
C5F2
944E
9C30
A451
A451
A451
A451
A451
A451
A451
A451
A451
A451
A451
A451
A451
A451
A451
A451
A451
A451
A451
A451
A451
A451
A451
A451
A491
C596
D617
A4B1
CE37
D617
D617
D617
D617
D617
D617
D617
D617
D617
D617
DE37
ACF2
9450
9C51
A492
8BAE
A4B1
ACF1
944C
7369
83EB
942D
942D
942D
8BED
7B8B
7B4B
7B8B
7B6A
AD0F
C590
C590
C590
BD4F
A4AD
942B
942B
83AA
7B8A
840C
83ED
942E
8BCD
838C
7B4B
734B
7B8B
7BCA
B570
CDB0
B50E
83AB
B553
D698
CE98
D6B8
A511
840C
A4EE
A4ED
7BAB
